FeatureID,FeatureName,GOS Average,GOS Log2 Fold Change,GOS P-Value,ROB Average,ROB Log2 Fold Change,ROB P-Value
ENSGACG00000020061,S100P,16.20213471044411,8.530770735469659,8.07165935319656e-114,0.04338660645709625,-8.530770735469659,8.07165935319656e-114
ENSGACG00000012609,ENSGACG00000012609,0.0945179477071085,-6.296446255074271,1.3458244516421375e-64,7.470839888785381,6.296446255074271,1.3458244516421375e-64
ENSGACG00000000336,ENSGACG00000000336,0.06869036897318932,-5.263154342485725,1.1841376635775714e-46,2.658264003313628,5.263154342485725,1.1841376635775714e-46
ENSGACG00000007518,gstr,0.7066865159961717,-3.559366549648386,5.411413891891595e-28,8.336068944477859,3.559366549648386,5.4114138918914425e-28
ENSGACG00000010148,ENSGACG00000010148,0.14122739860887723,-3.5155202507355883,1.1399198150459424e-24,1.6207400585174898,3.5155202507355883,1.1399198150459345e-24
ENSGACG00000003441,apoeb,0.03626851481784396,-5.373033041457093,2.0825669586962177e-24,1.5252060885302297,5.373033041457093,2.0825669586962177e-24
ENSGACG00000001937,ENSGACG00000001937,1.2759922940459647,2.2084087114280924,1.7935705185891496e-12,0.27575525834750597,-2.2084087114280924,1.7935705185891496e-12
ENSGACG00000008253,ENSGACG00000008253,4.6330280065036735,1.9667987148741757,4.676436114397612e-11,1.1847880994053206,-1.9667987148741757,4.676436114397342e-11
ENSGACG00000005566,ENSGACG00000005566,0.17859495933029224,-2.525995690732358,1.0145746126289694e-10,1.0312662611725185,2.525995690732358,1.0145746126289623e-10
ENSGACG00000013895,ENSGACG00000013895,6.937727266292121,2.282074007756096,4.147536755383014e-10,1.425917508368798,-2.282074007756096,4.1475367553828667e-10
ENSGACG00000006710,ENSGACG00000006710,3.2526263516184604,-1.7293399411911758,1.464997399761257e-07,10.784909135854349,1.7293399411911758,1.4649973997612291e-07
ENSGACG00000020286,prdx5,0.9325404491800182,-1.6001261350441656,1.6192753231082826e-06,2.828055818967841,1.6001261350441656,1.619275323108274e-06
ENSGACG00000014415,npsn,2.411306712434838,-1.7840614373908739,2.5199071009158897e-06,8.30478052635976,1.7840614373908739,2.5199071009158515e-06
ENSGACG00000007507,ENSGACG00000007507,1.3034684416352404,1.501294607842281,3.6567829785733995e-06,0.46014833579016506,-1.501294607842281,3.65678297857341e-06
ENSGACG00000012348,pycard,1.0100231853817758,1.4904843847493416,4.184479472117829e-06,0.359191039995768,-1.4904843847493416,4.184479472117858e-06
ENSGACG00000015164,ENSGACG00000015164,3.830174973945036,1.489838929944089,4.671690682747458e-06,1.3633406721326013,-1.489838929944089,4.671690682747816e-06
ENSGACG00000010643,ENSGACG00000010643,1.043544085440692,-1.4792847356594354,2.56774237357507e-05,2.9102400638913792,1.4792847356594354,2.567742373574925e-05
ENSGACG00000007509,dlst,1.8321095212529055,1.3660841052726114,3.449423807759255e-05,0.7104556807349511,-1.3660841052726114,3.4494238077593385e-05
ENSGACG00000001834,ENSGACG00000001834,0.680309414310467,-1.4092002865265696,5.017632833338575e-05,1.8076362094095968,1.4092002865265696,5.017632833338553e-05
ENSGACG00000000330,ENSGACG00000000330,2.3233830401491553,-1.331672298130652,0.00017658683922727758,5.848013935726685,1.331672298130652,0.00017658683922727758
ENSGACG00000014527,fbp2,0.6088714305783501,-1.3971517847084027,0.0004187962986406582,1.6044700810960786,1.3971517847084027,0.0004187962986406572
ENSGACG00000000148,psmb12,1.8705761278778914,1.2074342769067434,0.0005145097571354498,0.809744260896383,-1.2074342769067434,0.0005145097571354385
ENSGACG00000004358,ENSGACG00000004358,0.4951201795587486,-1.2291553095455108,0.0009373213470988414,1.1614260805438072,1.2291553095455108,0.0009373213470988125
ENSGACG00000020086,ENSGACG00000020086,1.871125650829677,1.873797556412393,0.0012890678289455852,0.5102098047791223,-1.873797556412393,0.0012890678289455852
ENSGACG00000006358,ENSGACG00000006358,2.5305531929722944,1.1577609391945878,0.0022152314554753708,1.1338922725998808,-1.1577609391945878,0.002215231455475369
ENSGACG00000005990,ENSGACG00000005990,1.2584075595888282,1.213679176013382,0.0024229156957346464,0.5423325807137032,-1.213679176013382,0.002422915695734723
ENSGACG00000004882,ENSGACG00000004882,0.5220468041962388,-1.1820666289557147,0.0042927191290817795,1.185205278313562,1.1820666289557147,0.004292719129081888
ENSGACG00000014492,hbae5,15.017912749346326,1.2091318564873834,0.004444406107771782,6.494641243500716,-1.2091318564873834,0.004444406107771747
ENSGACG00000004068,gadd45ab,1.6584602684886829,1.033107535354783,0.008194735046958692,0.8101614398046242,-1.033107535354783,0.00819473504695853
ENSGACG00000019078,cxcl19,3.0218267118685445,-1.0654435503325672,0.00883260904411749,6.32401507003002,1.0654435503325672,0.008832609044117529
ENSGACG00000019933,si:dkey-85k7.12,1.0045279558639206,1.0768151038123759,0.009131054237298626,0.47600113430333485,-1.0768151038123759,0.009131054237298467
ENSGACG00000005841,ENSGACG00000005841,2.0310368297992616,-0.966525933547639,0.020895945617337746,3.9690401330078244,0.966525933547639,0.020895945617335904
ENSGACG00000007537,gstr,0.7660349947890073,-0.9575278137772525,0.024301241371722994,1.488077165696753,0.9575278137772525,0.02430124137172353
ENSGACG00000000107,psmb9a,0.7110826996104558,-0.9283882225475529,0.0346487773343087,1.3537455572430512,0.9283882225475529,0.034648777334308135
ENSGACG00000006713,ENSGACG00000006713,5.68096827555865,0.8283089579546863,0.06605249979910296,3.198927868394366,-0.8283089579546863,0.06605249979910625
ENSGACG00000010476,fosab,9.009978317475296,0.8315804540105463,0.06823564185662305,5.062048872600057,-0.8315804540105463,0.06823564185662305
ENSGACG00000016738,eif3bb,1.4155711237994855,0.8264243868000967,0.0728757628812449,0.7980632514656262,-0.8264243868000967,0.07287576288124151
ENSGACG00000012793,ENSGACG00000012793,11.646039917190409,0.8122240432920922,0.0762189200063358,6.6314759254038655,-0.8122240432920922,0.07621892000633827
ENSGACG00000013902,ENSGACG00000013902,5.2666279699123715,0.9214962360056802,0.07816394783222375,2.7800802445200907,-0.9214962360056802,0.07816394783222487
ENSGACG00000003551,ENSGACG00000003551,12.199959052590208,-0.8243269174617049,0.08819173326941361,21.600272332010313,0.8243269174617049,0.08819173326941361
ENSGACG00000018498,eif4ebp3l,1.4359034730155495,0.7988102081744235,0.09562705056133547,0.8251798805013114,-0.7988102081744235,0.09562705056133448
ENSGACG00000014571,ctsla,1.076515462547823,0.812360178705346,0.10902065733239466,0.6128358162064845,-0.812360178705346,0.10902065733239485
ENSGACG00000007718,npc2,1.5969136978887053,-0.8029943517986748,0.111990421486153,2.7863379281437104,0.8029943517986748,0.11199042148615687
ENSGACG00000007655,GSTM4,1.172681979110288,0.7840339583726603,0.1318164082244447,0.6808359782498181,-0.7840339583726603,0.1318164082244362
ENSGACG00000017163,ENSGACG00000017163,7.758165033307894,-0.7579618020239494,0.1686926192275066,13.118607948556237,0.7579618020239494,0.1686926192275066
ENSGACG00000015634,scinlb,0.7891149587639988,-0.7689164193141401,0.18787206875283405,1.3449848001699838,0.7689164193141401,0.18787206875283521
ENSGACG00000003679,id4,1.945860772272507,0.7241468029072361,0.19229194539007358,1.1776960579652185,-0.7241468029072361,0.19229194539006714
ENSGACG00000003641,ahcy,3.1734950465613463,0.6999603836146082,0.22347381598118551,1.9532316483858139,-0.6999603836146082,0.2234738159811846
ENSGACG00000011456,ada,2.8729059919346702,0.69707398346919,0.22509552107493097,1.771758823300844,-0.69707398346919,0.2250955210749202
ENSGACG00000012607,ENSGACG00000012607,1.3847978384994966,-0.7114920305130596,0.23556316312663783,2.2677845451997616,0.7114920305130596,0.23556316312663078
ENSGACG00000012167,lgmn,4.427506422535891,0.6911924998637224,0.23836885420588144,2.74169978496189,-0.6911924998637224,0.23836885420588144
ENSGACG00000012745,sat1b,1.5930670372262066,0.6952001610893367,0.2482447901713621,0.9837078656330093,-0.6952001610893367,0.24824479017136167
ENSGACG00000019282,ENSGACG00000019282,18.436495032404014,-0.681944385262061,0.29105241689508493,29.574229984134714,0.681944385262061,0.29105241689511474
ENSGACG00000017044,anxa5b,4.788543001858974,0.6624444186953917,0.29179524024831494,3.0249642636577394,-0.6624444186953917,0.29179524024830517
ENSGACG00000012551,ENSGACG00000012551,1.5963641749369197,0.6277635138129805,0.3887203280957369,1.0329349768054839,-0.6277635138129805,0.3887203280957369
ENSGACG00000014616,grna,1.2007076496513494,-0.6294854776893829,0.4333930403165739,1.857697678398554,0.6294854776893829,0.4333930403165731
ENSGACG00000018016,cd74a,18.966784680877034,-0.6265953226983703,0.43781656730444274,29.27970167491635,0.6265953226983703,0.43781656730444274
ENSGACG00000007974,ENSGACG00000007974,0.6544818355765478,-0.6219135394364151,0.4659830535478009,1.007487063402764,0.6219135394364151,0.4659830535477855
ENSGACG00000016901,ENSGACG00000016901,2.744867144168645,0.5917840260436686,0.4999679867700427,1.8209859344733186,-0.5917840260436686,0.4999679867700247
ENSGACG00000007839,mmp25b,4.304413281335935,0.5821491061523008,0.5116907500665765,2.8747798566908678,-0.5821491061523008,0.5116907500665622
ENSGACG00000018050,ENSGACG00000018050,3.1971245334881235,0.5827956921677837,0.5174380521812916,2.1342872945625424,-0.5827956921677837,0.5174380521812892
ENSGACG00000002643,cct5,3.0262228954828285,0.575818464282964,0.5258407862344279,2.029992567502215,-0.575818464282964,0.5258407862344396
ENSGACG00000013438,CAPNS1,1.1847714840495693,-0.5919359397985531,0.5318204061162219,1.7859429061810486,0.5919359397985531,0.5318204061162219
ENSGACG00000008940,sh3bgrl3,1.380951177836998,0.578698558979703,0.5331439267698512,0.9244684606627432,-0.578698558979703,0.5331439267698882
ENSGACG00000007723,si:dkey-262k9.4,4.510484388255503,0.5717802408114379,0.5351114813419312,3.0341421996390485,-0.5717802408114379,0.5351114813419169
ENSGACG00000019142,ENSGACG00000019142,5.496878086710502,0.5723582149561961,0.5419630044013555,3.6962051270180076,-0.5723582149561961,0.5419630044013402
ENSGACG00000006492,cpn1,1.4892071993387443,0.5665161416616878,0.5686425197823151,1.0054011688615574,-0.5665161416616878,0.5686425197823937
ENSGACG00000013918,HBE1,15.973533162501337,0.6285015007623254,0.5875092715992711,10.331018483687803,-0.6285015007623254,0.5875092715992631
ENSGACG00000002813,glud1b,4.672044136080444,0.5507781157404794,0.6113319391438364,3.1889155745965745,-0.5507781157404794,0.6113319391438486
ENSGACG00000007985,ctsc,2.670132022725815,-0.5785807075320522,0.6157683850173595,3.9873960049704418,0.5785807075320522,0.6157683850173518
ENSGACG00000015247,nme2a,6.973446258158179,0.544647282696507,0.622274484016344,4.780035930628931,-0.544647282696507,0.622274484016344
ENSGACG00000020494,cct6a,1.8909084770939555,0.5413376135553416,0.6471279788749023,1.2990951202634398,-0.5413376135553416,0.6471279788749023
ENSGACG00000009620,ctsl.1,2.3640477385812835,-0.5556509758780979,0.6827920382226655,3.474683126741872,0.5556509758780979,0.6827920382226755
ENSGACG00000012927,ENSGACG00000012927,6.396447158783389,-0.5975249436596135,0.716064373676132,9.677716313381913,0.5975249436596135,0.716064373676132
ENSGACG00000020678,prdx4,1.0045279558639206,-0.5311240595484639,0.7364913197820481,1.4517826006797592,0.5311240595484639,0.7364913197820447
ENSGACG00000009852,ENSGACG00000009852,1.0248603050799847,0.5215889638771141,0.7422934940229978,0.7137931120008816,-0.5215889638771141,0.7422934940229889
ENSGACG00000016060,ddx21,1.6342812586101203,0.5118303436910705,0.7569160532609808,1.145990460938879,-0.5118303436910705,0.7569160532609808
ENSGACG00000018151,psmb3,1.1556467676049371,0.5114291651130236,0.7659757667612047,0.8105786187128655,-0.5114291651130236,0.7659757667612047
ENSGACG00000016474,ENSGACG00000016474,1.2584075595888282,0.4983884910436235,0.8069172399969569,0.8906769690951971,-0.4983884910436235,0.8069172399969561
ENSGACG00000001966,ncf2,3.400448025648764,0.4929673989509378,0.8143735822809227,2.4158830576254267,-0.4929673989509378,0.8143735822808986
ENSGACG00000017701,ENSGACG00000017701,2.5734159832115644,0.4878881540175932,0.8324410274618447,1.8347528384452818,-0.4878881540175932,0.8324410274618447
ENSGACG00000010363,sf3b5,0.7731787931622189,-0.4969439109842353,0.8606217621231779,1.0913400239592672,0.4969439109842353,0.8606217621231764
ENSGACG00000004460,fam49bb,1.8782694492028886,0.4807035243729546,0.8661110235335051,1.3458191579864665,-0.4807035243729546,0.8661110235334766
ENSGACG00000012190,aimp2,1.2062028791692043,0.47423066513228385,0.9036374054859012,0.8681493080501663,-0.47423066513228385,0.9036374054859057
ENSGACG00000001884,ENSGACG00000001884,3.506505955343368,0.4705857900816435,0.9090984092863658,2.5301900784835456,-0.4705857900816435,0.9090984092863658
ENSGACG00000010912,ENSGACG00000010912,2.2733764515366737,-0.48069192332534705,0.9115914628387007,3.172228418266922,0.48069192332534705,0.9115914628387007
ENSGACG00000019944,capn2b,1.5029452731333823,0.46092581236715957,0.934915666008239,1.0917572028675084,-0.46092581236715957,0.934915666008239
ENSGACG00000012665,ENSGACG00000012665,45.93901972336545,0.4579618518129154,0.934915666008239,33.43980974789869,-0.4579618518129154,0.934915666008239
ENSGACG00000020296,mpp1,1.9233303312493009,0.4549120355998625,0.9366975135851862,1.402972668415526,-0.4549120355998625,0.9366975135851838
ENSGACG00000019847,cct7,4.029651805443178,0.44898889744770965,0.9449909306473377,2.951540775807269,-0.44898889744770965,0.9449909306473377
ENSGACG00000009305,atp5if1b,3.099309448070302,-0.4538250542529898,0.9619985159089094,4.24479539135533,0.4538250542529898,0.9619985159089094
ENSGACG00000019805,btg1,2.7107967211579433,0.44578870874232057,0.9619985159089094,1.9899433923110492,-0.44578870874232057,0.9619985159089094
ENSGACG00000014576,ENSGACG00000014576,12.16918576729022,-0.4471303480825104,0.9977405096124372,16.588702107307455,0.4471303480825104,0.9977405096124011
ENSGACG00000013402,ctsk,2.7717937688061354,0.4405733907275702,0.9986889948892996,2.042090755841213,-0.4405733907275702,0.9986889948892996
ENSGACG00000003653,zgc:64051,6.064535295904938,0.18262554860437596,1,5.342810277846459,-0.18262554860437596,1
ENSGACG00000003574,rpl35,33.0538055498987,-0.07957474552597521,1,34.92371512451303,0.07957474552597521,1
ENSGACG00000003471,tubb2b,1.0941001970049595,0.039911997729713766,1,1.064223394923582,-0.039911997729713766,1
ENSGACG00000004055,rpl6,26.46612440389395,0.09274627296025972,1,24.81505299891785,-0.09274627296025972,1
ENSGACG00000004060,dynll1,1.8458475950475433,-0.03690838508565242,1,1.8935750645073066,0.03690838508565242,1
ENSGACG00000005077,zgc:86811,1.4848110157244603,0.010582151409580298,1,1.4738930828165486,-0.010582151409580298,1
ENSGACG00000005726,pcna,0.924847127855021,-0.14238874019975328,1,1.0208367884664857,0.14238874019975328,1
ENSGACG00000005772,zgc:152830,3.259770149991672,-0.20720290640866512,1,3.762953752336617,0.20720290640866512,1
ENSGACG00000005837,FAHD2A,1.6309841208994071,-0.06162293784494266,1,1.7020899456245453,0.06162293784494266,1
ENSGACG00000006313,ostf1,1.7897962539654209,0.3995384609108882,1,1.3566658096007405,-0.3995384609108882,1
ENSGACG00000007298,tspan36,3.847759708402173,0.23646772339490396,1,3.2656764937129754,-0.23646772339490396,1
ENSGACG00000008530,tcn2,2.1750118431670664,-0.3050499139262157,1,2.6870493479822786,0.3050499139262157,1
ENSGACG00000010223,cox7c,1.2397237792281208,-0.1668225885639809,1,1.3917088378930105,0.1668225885639809,1
ENSGACG00000012630,cox6a1,1.7634191522797162,-0.002806612556168875,1,1.7667526764019483,0.002806612556168875,1
ENSGACG00000014266,xbp1,1.6188946159601258,0.34209545705071476,1,1.2769846381266503,-0.34209545705071476,1
ENSGACG00000014618,h2afva,3.1976740564399093,0.04847895119488266,1,3.091712888976349,-0.04847895119488266,1
ENSGACG00000001108,ENSGACG00000001108,16.34446115495656,0.03744437216910601,1,15.923718927570807,-0.03744437216910601,1
ENSGACG00000001093,srp19,1.2540113759745442,0.35191399982074323,1,0.9824563289082853,-0.35191399982074323,1
ENSGACG00000001072,si:ch211-191j22.3,1.3045674875388116,0.04831505048285556,1,1.2615490185217217,-0.04831505048285556,1
ENSGACG00000001066,ENSGACG00000001066,2.5756140750187067,0.37472762857841635,1,1.9861887821368773,-0.37472762857841635,1
ENSGACG00000002408,aprt,2.541543652008005,-0.23166217293253233,1,2.984080730650091,0.23166217293253233,1
ENSGACG00000002605,calm2a,0.9924384509246392,-0.26711230697315436,1,1.194383214294871,0.26711230697315436,1
ENSGACG00000004340,irf2bp2a,0.9797994230335724,-0.18710059682906455,1,1.1155364006372632,0.18710059682906455,1
ENSGACG00000004652,ENSGACG00000004652,1.9343207902850112,-0.38886388412583284,1,2.532693151932994,0.38886388412583284,1
ENSGACG00000004750,cfl1l,6.222797906019166,0.18847885014980603,1,5.460037551062267,-0.18847885014980603,1
ENSGACG00000005108,psap,10.202992645801649,-0.07084113414709137,1,10.71524025817805,0.07084113414709137,1
ENSGACG00000008736,rps24,35.738225169370935,-0.007636334810056766,1,35.92327578865921,0.007636334810056766,1
ENSGACG00000010801,ENSGACG00000010801,21.75946032185102,-0.34778102972529634,1,27.68774696106751,0.34778102972529634,1
ENSGACG00000011333,cbr1l,1.6155974782494127,-0.36251627864187697,1,2.077133784133483,0.36251627864187697,1
ENSGACG00000011558,rps27a,58.02083134132177,-0.01848320539124515,1,58.761317941421495,0.01848320539124515,1
ENSGACG00000012047,pno1,1.1413591708585138,0.0784526154460895,1,1.0809105512532344,-0.0784526154460895,1
ENSGACG00000000016,cox6c,1.4606320058458977,-0.08670829132781743,1,1.551071180841191,0.08670829132781743,1
ENSGACG00000003262,snrpb,2.1920470546724173,0.0182548899974615,1,2.1643241759559166,-0.0182548899974615,1
ENSGACG00000003218,ctsa,2.3799839041830633,-0.13380673478515126,1,2.61112278668236,0.13380673478515126,1
ENSGACG00000003522,ENSGACG00000003522,1.0320041034531964,0.021589620226345918,1,1.0166649993840726,-0.021589620226345918,1
ENSGACG00000003555,ENSGACG00000003555,15.055829833019528,0.01746290754065427,1,14.872845257710946,-0.01746290754065427,1
ENSGACG00000003568,ENSGACG00000003568,3.64223812443439,0.14517466620489206,1,3.293210301656902,-0.14517466620489206,1
ENSGACG00000003603,romo1,1.704620196438666,-0.01794726890478815,1,1.7258691433942999,0.01794726890478815,1
ENSGACG00000003825,ENSGACG00000003825,3.175143615416703,-0.08227925614649356,1,3.3612104637002354,0.08227925614649356,1
ENSGACG00000003895,rps23,30.118803464412267,0.003804982976962634,1,30.035629856649603,-0.003804982976962634,1
ENSGACG00000004372,rpl22,16.12630054309771,-0.07190312561180434,1,16.948310326211466,0.07190312561180434,1
ENSGACG00000004926,rps10,35.349162919506796,0.007767509295571351,1,35.15483223967872,-0.007767509295571351,1
ENSGACG00000005189,rplp2,20.571391700090736,-0.022111040118465652,1,20.88647922000943,0.022111040118465652,1
ENSGACG00000007041,rpl29,16.419745799351176,-0.06934612662447037,1,17.226151479100178,0.06934612662447037,1
ENSGACG00000001473,ENSGACG00000001473,1.1303687118228034,-0.16122819046385817,1,1.2640520919711695,0.16122819046385817,1
ENSGACG00000001206,ENSGACG00000001206,1.0737678477888954,0.06935603795831191,1,1.0233398619159337,-0.06935603795831191,1
ENSGACG00000000741,rps26,28.055894303409445,0.007957779926470288,1,27.89800513082113,-0.007957779926470288,1
ENSGACG00000000498,ctsz,1.4958014747601707,-0.3870682609324405,1,1.956151900743503,0.3870682609324405,1
ENSGACG00000008033,krt18b,5.654041650921159,-0.4215628524645041,1,7.57221436348802,0.4215628524645041,1
ENSGACG00000008496,rplp0,24.346064855905436,0.07936619582641313,1,23.039956744351073,-0.07936619582641313,1
ENSGACG00000008815,nop56,1.8271638146868359,-0.1015499087385906,1,1.9603236898259162,0.1015499087385906,1
ENSGACG00000009846,arpc4,5.079240643353511,0.22344935635857732,1,4.3499244762321405,-0.22344935635857732,1
ENSGACG00000010458,BRK1,2.555281725802643,0.09607672303530834,1,2.3904351442227068,-0.09607672303530834,1
ENSGACG00000010864,bin2b,1.299621780972742,-0.09791400830565644,1,1.3908744800765278,0.09791400830565644,1
ENSGACG00000011387,ENSGACG00000011387,1.0995954265228145,0.038119451140192884,1,1.070898257455443,-0.038119451140192884,1
ENSGACG00000005090,ENSGACG00000005090,1.852991393420755,0.2795113492732241,1,1.5264576252549538,-0.2795113492732241,1
ENSGACG00000003288,rpl38,10.012308181532076,-0.13837797401034502,1,11.018946503377723,0.13837797401034502,1
ENSGACG00000002233,COMTD1,0.9830965607442855,-0.25534006165841155,1,1.1735242688828054,0.25534006165841155,1
ENSGACG00000006059,RPL19,13.937001103184219,-0.03517106401053427,1,14.279199671283562,0.03517106401053427,1
ENSGACG00000008293,ATP6V0C,2.022793985522479,-0.12545541622497947,1,2.206459245688289,0.12545541622497947,1
ENSGACG00000008983,ENSGACG00000008983,2.7047519686883024,0.02964950651841325,1,2.6495032462405606,-0.02964950651841325,1
ENSGACG00000009568,snu13a,1.1732315020620736,-0.15577085335852414,1,1.3070215195200245,0.15577085335852414,1
ENSGACG00000016153,rpl9,34.14186099443402,0.019388104540466244,1,33.68177351467865,-0.019388104540466244,1
ENSGACG00000016266,tmem176,4.310458033805576,0.035386172272598326,1,4.205580573980647,-0.035386172272598326,1
ENSGACG00000016267,ENSGACG00000016267,3.2971377107130873,0.13452870273098516,1,3.0032709604291914,-0.13452870273098516,1
ENSGACG00000016427,spcs3,1.3397369564530845,-0.0007574914524076659,1,1.3403958321793294,0.0007574914524076659,1
ENSGACG00000016482,hmgb2a,3.787312183705766,0.01333141326573184,1,3.752107100722343,-0.01333141326573184,1
ENSGACG00000019403,ENSGACG00000019403,2.4536199797223226,0.36885487655956284,1,1.8998327481309263,-0.36885487655956284,1
ENSGACG00000019181,rps15a,44.18988816783215,-0.0006289724170907007,1,44.20344275943273,0.0006289724170907007,1
ENSGACG00000019097,prdx2,5.426539148881956,0.08642190557496177,1,5.110441625956049,-0.08642190557496177,1
ENSGACG00000018676,atp5pd,1.63922696517619,-0.09203566918478334,1,1.7471452677146067,0.09203566918478334,1
ENSGACG00000018609,clta,3.8741368100878777,-0.02958430805479484,1,3.9540216923111373,0.02958430805479484,1
ENSGACG00000018430,ENSGACG00000018430,10.067260476710626,0.2159724534458407,1,8.666474639804976,-0.2159724534458407,1
ENSGACG00000018429,ENSGACG00000018429,11.398205065935143,0.23464140217579255,1,9.686059891546739,-0.23464140217579255,1
ENSGACG00000017906,bdh2,0.9182528524335948,-0.1714425937668525,1,1.0341865135302077,0.1714425937668525,1
ENSGACG00000017861,rps6,28.279000621834363,-0.040266352894034796,1,29.07570118878635,0.040266352894034796,1
ENSGACG00000017164,rps3a,34.50564518851603,-0.03240719780756596,1,35.28499205905001,0.03240719780756596,1
ENSGACG00000016899,asah1b,1.229282843144196,0.11327648585124517,1,1.1363953460493288,-0.11327648585124517,1
ENSGACG00000016657,arpc1b,8.374180262259456,0.17915579575799834,1,7.395330506393704,-0.17915579575799834,1
ENSGACG00000001673,rac2,1.0374993329710513,0.40805478554426644,1,0.7817932740442152,-0.40805478554426644,1
ENSGACG00000016593,actb1,2.6107835439329796,-0.14011145121206825,1,2.8768657512320743,0.14011145121206825,1
ENSGACG00000016584,UBL5,1.1814743463388562,0.2411002952004302,1,0.9995606641461791,-0.2411002952004302,1
ENSGACG00000019606,mdh1aa,2.1464366496742198,-0.22085703785560828,1,2.5014047338148955,0.22085703785560828,1
ENSGACG00000019739,cct4,3.0273219413863997,0.23316951526989804,1,2.5752454005736074,-0.23316951526989804,1
ENSGACG00000019842,atf4a,1.0149688919478455,0.1669226794886884,1,0.904026694158919,-0.1669226794886884,1
ENSGACG00000020004,eif4a3,1.1358639413406586,0.18432895609230415,1,0.9995606641461791,-0.18432895609230415,1
ENSGACG00000004373,dkc1,1.6205431848154823,-0.019059078595972667,1,1.6420161828377966,0.019059078595972667,1
ENSGACG00000004038,psma3,2.5157160732740858,-0.1263899533184376,1,2.745871574044303,0.1263899533184376,1
ENSGACG00000004818,ENSGACG00000004818,2.3948210238812724,0.09478674500173945,1,2.2423366317970417,-0.09478674500173945,1
ENSGACG00000004700,vps29,1.793093391676134,-0.013398849418744363,1,1.8097221039508031,0.013398849418744363,1
ENSGACG00000004430,rpia,1.0578316821871154,-0.23286599272120723,1,1.2431931465591042,0.23286599272120723,1
ENSGACG00000007305,syf2,1.0243107821281991,0.07616835502746011,1,0.9716096772940113,-0.07616835502746011,1
ENSGACG00000007324,ENSGACG00000007324,2.1321490529277964,0.2588394655243964,1,1.7817711170986354,-0.2588394655243964,1
ENSGACG00000009279,znf593,0.9979336804424944,-0.059580366169052,1,1.0400270182455862,0.059580366169052,1
ENSGACG00000009310,rpl13a,48.25800657990032,0.12234265021447932,1,44.328596431905126,-0.12234265021447932,1
ENSGACG00000011212,ENSGACG00000011212,5.0330807154035275,0.038204213852842006,1,4.901017814018911,-0.038204213852842006,1
ENSGACG00000011271,zfp36l1a,0.9913394050210682,-0.3518995690459978,1,1.2653036286958936,0.3518995690459978,1
ENSGACG00000012635,ENSGACG00000012635,0.9122080999639541,-0.3410319580925386,1,1.155585575828429,0.3410319580925386,1
ENSGACG00000001954,ENSGACG00000001954,2.8860945427775224,0.023021330729654288,1,2.840154007306839,-0.023021330729654288,1
ENSGACG00000002088,rpl36,23.161293371855866,-0.10229758480106899,1,24.86010832100791,0.10229758480106899,1
ENSGACG00000002136,zgc:171480,2.419000033759835,0.1589635096849884,1,2.166410070497123,-0.1589635096849884,1
ENSGACG00000003869,magoh,1.0045279558639206,0.0875933634344328,1,0.9453274060748087,-0.0875933634344328,1
ENSGACG00000004230,RPL5,21.534705434570743,0.0866370257246345,1,20.276980835068876,-0.0866370257246345,1
ENSGACG00000006229,fkbp2,2.501428476527662,-0.07646908072829417,1,2.6374050579015624,0.07646908072829417,1
ENSGACG00000007843,ptprc,1.7145116095708053,-0.29723800508549014,1,2.106753486618616,0.29723800508549014,1
ENSGACG00000008021,uba52,24.264185936089394,0.015868490947956282,1,23.995713623131916,-0.015868490947956282,1
ENSGACG00000012643,oaz1a,1.547456632228009,-0.30102757580260187,1,1.9065076106627872,0.30102757580260187,1
ENSGACG00000012970,bsg,1.056183113331759,-0.013770718475249355,1,1.0663092894647885,0.013770718475249355,1
ENSGACG00000013005,atp5f1d,1.5084405026512373,-0.04645393810299636,1,1.557746043373052,0.04645393810299636,1
ENSGACG00000013244,ENSGACG00000013244,1.7106649489083068,-0.11056359827601281,1,1.84685102678428,0.11056359827601281,1
ENSGACG00000014467,serbp1a,4.984722695646402,-0.026158263802307236,1,5.075398597663779,0.026158263802307236,1
ENSGACG00000001460,ENSGACG00000001460,1.550753769938722,-0.364569997843571,1,1.9966182548429101,0.364569997843571,1
ENSGACG00000001305,ssr2,2.446476181349111,-0.04745555133904933,1,2.528104183942339,0.04745555133904933,1
ENSGACG00000000151,ENSGACG00000000151,2.9218135346435807,0.044369997731131594,1,2.833061965866737,-0.044369997731131594,1
ENSGACG00000002010,ak2,2.6360615997151133,0.13845378144866682,1,2.39460693330512,-0.13845378144866682,1
ENSGACG00000002118,rpl11,22.50406392152039,-0.022963051313689142,1,22.862238529440276,0.022963051313689142,1
ENSGACG00000002182,ENSGACG00000002182,51.67329172524729,0.16807324229252973,1,45.98479669762313,-0.16807324229252973,1
ENSGACG00000002641,ppt1,1.0831097379692491,-0.19736152277768626,1,1.2419416098343803,0.19736152277768626,1
ENSGACG00000002674,psmb2,1.0342021952603384,0.08446381768830298,1,0.975364287468183,-0.08446381768830298,1
ENSGACG00000002835,rps5,33.14008065332902,-0.022914479470799165,1,33.666337895073724,0.022914479470799165,1
ENSGACG00000003336,ENSGACG00000003336,34.630936421523124,-0.015223132792788086,1,34.993801181097574,0.015223132792788086,1
ENSGACG00000003403,ENSGACG00000003403,6.8811264022582135,0.4323044718463773,1,5.098760616525292,-0.4323044718463773,1
ENSGACG00000003628,rpl30,29.18461444637689,-0.026036996205842655,1,29.712316202762587,0.026036996205842655,1
ENSGACG00000003771,pabpc1b,1.2556599448299006,-0.14103515859330673,1,1.3846167964529081,0.14103515859330673,1
ENSGACG00000003995,rplp1,43.82885158850907,0.06913880452698073,1,41.772541261110625,-0.06913880452698073,1
ENSGACG00000004084,cndp2,2.997098179038196,-0.23728975353337733,1,3.5326709949874138,0.23728975353337733,1
ENSGACG00000005201,SNRPD1,1.3727083335602153,-0.0725153606522414,1,1.443439022514933,0.0725153606522414,1
ENSGACG00000005947,sla1,1.2726951563352518,0.21506658167327808,1,1.096346170858163,-0.21506658167327808,1
ENSGACG00000007476,fuca1.2,3.1229389349970793,0.10908570504943627,1,2.895221623194692,-0.10908570504943627,1
ENSGACG00000007961,rpl15,19.88338896445527,-0.03509319746691286,1,20.37042891051493,0.03509319746691286,1
ENSGACG00000008265,rpl14,21.93310957461524,-0.19093730136451548,1,25.033654746836294,0.19093730136451548,1
ENSGACG00000008422,zgc:103438,1.8002371900493457,0.14474529940637582,1,1.6282492788658334,-0.14474529940637582,1
ENSGACG00000009137,eif3i,2.015650187149267,0.09894251627625161,1,1.88189405507655,-0.09894251627625161,1
ENSGACG00000009814,rps18,38.229212709814675,-0.050868840549220806,1,39.59611889681571,0.050868840549220806,1
ENSGACG00000009889,psmb4,1.2188419070602712,0.059745997612890456,1,1.1693524798003923,-0.059745997612890456,1
ENSGACG00000010080,cct3,2.989404857713199,0.31137356129557037,1,2.4087910161853245,-0.31137356129557037,1
ENSGACG00000000281,bcap31,1.0336526723085528,0.18393820583143183,1,0.9098671988742973,-0.18393820583143183,1
ENSGACG00000002699,ENSGACG00000002699,30.418842996087157,0.0732694809840142,1,28.908829625489826,-0.0732694809840142,1
ENSGACG00000000061,cnbpa,4.281333317360944,0.19936431211383443,1,3.7283279029525884,-0.19936431211383443,1
ENSGACG00000015245,naca,16.85386893126173,0.08527806808412075,1,15.884504110196124,-0.08527806808412075,1
ENSGACG00000011886,rap1aa,1.3441331400673686,0.09378823129345082,1,1.2594631239805152,-0.09378823129345082,1
ENSGACG00000011650,tegt,1.9420141116100085,0.06328366178323186,1,1.8585320362150366,-0.06328366178323186,1
ENSGACG00000011378,atp6ap1b,1.7156106554743764,0.2461513502252406,1,1.4463592748726222,-0.2461513502252406,1
ENSGACG00000011139,pfdn4,1.0847583068246056,0.20925033127393028,1,0.9382353646347065,-0.20925033127393028,1
ENSGACG00000010752,cd63,5.0314321465481715,0.39937229842940725,1,3.8142667580502985,-0.39937229842940725,1
ENSGACG00000010457,ENSGACG00000010457,5.335867861837346,-0.013698032920948844,1,5.386196884303555,0.013698032920948844,1
ENSGACG00000010310,ppdpfb,3.4691383946219534,0.23845833467509858,1,2.9402769452847535,-0.23845833467509858,1
ENSGACG00000009964,tktb,2.3096449663545178,-0.30849217347718394,1,2.860178594902422,0.30849217347718394,1
ENSGACG00000009706,csrp1a,1.2386247333245497,0.08915117135959327,1,1.1643463329014965,-0.08915117135959327,1
ENSGACG00000009444,copz1,1.168285795496004,-0.0023722962327246133,1,1.170186837616875,0.0023722962327246133,1
ENSGACG00000009435,ENSGACG00000009435,1.4479929779548308,-0.010444746263162052,1,1.45845746321162,0.010444746263162052,1
ENSGACG00000009225,ENSGACG00000009225,6.0997047648192115,-0.31838137504294295,1,7.605171497239083,0.31838137504294295,1
ENSGACG00000009161,pa2g4b,1.3183055613334493,0.20145017840943003,1,1.1464076398471201,-0.20145017840943003,1
ENSGACG00000008944,ENSGACG00000008944,1.4798653091583907,-0.05811133609363295,1,1.5406417081351582,0.05811133609363295,1
ENSGACG00000008662,ssr4,1.3358902957905858,0.029620555901990087,1,1.3086902351529899,-0.029620555901990087,1
ENSGACG00000008262,fance,27.991050595098756,-0.033320811187145694,1,28.641417945307147,0.033320811187145694,1
ENSGACG00000007599,atp5pb,1.7277001604136577,-0.03538185724724685,1,1.77050728657612,0.03538185724724685,1
ENSGACG00000007396,eno1a,2.8465288902489654,0.12715880953460346,1,2.606116639783464,-0.12715880953460346,1
ENSGACG00000007164,pgd,3.1361274858399315,-0.28582686652498235,1,3.823027515123366,0.28582686652498235,1
ENSGACG00000006447,ybx1,11.281706200156613,0.06669345322695674,1,10.770725052974145,-0.06669345322695674,1
ENSGACG00000006241,bpifcl,1.1935638512781377,-0.4508955163444486,1,1.6315867101317638,0.4508955163444486,1
ENSGACG00000005260,ddost,1.0226622132728425,0.11211914331295864,1,0.9461617638912914,-0.11211914331295864,1
ENSGACG00000003794,krt8,8.071942638777424,0.1506672790313872,1,7.2705940128295525,-0.1506672790313872,1
ENSGACG00000013304,ENSGACG00000013304,8.365937417982673,0.11530413800006922,1,7.722398770454891,-0.11530413800006922,1
ENSGACG00000013164,ENSGACG00000013164,1.2606056513959703,0.26067662675137215,1,1.052125206584584,-0.26067662675137215,1
ENSGACG00000013073,rpl10,24.19109938350192,-0.10557279143478304,1,26.024454653909405,0.10557279143478304,1
ENSGACG00000012484,zgc:171772,36.05035420598511,0.00296677400213774,1,35.9716685420152,-0.00296677400213774,1
ENSGACG00000013222,psma8,1.0523364526692602,0.00199650677540375,1,1.0508736698598602,-0.00199650677540375,1
ENSGACG00000014566,blvra,1.490855768194101,0.3673366893639396,1,1.155585575828429,-0.3673366893639396,1
ENSGACG00000015203,NDUFA13,1.0666240494156838,0.10390430665038851,1,0.9924686227060767,-0.10390430665038851,1
ENSGACG00000015206,cirbpa,1.416120646751271,0.10593493791824204,1,1.315782276593092,-0.10593493791824204,1
ENSGACG00000015519,ifi30,4.080207917007446,0.060473885519130244,1,3.912303801487006,-0.060473885519130244,1
ENSGACG00000015549,rps15,7.814765897341802,0.014727983679261314,1,7.73449695879389,-0.014727983679261314,1
ENSGACG00000015568,rps28,19.43387918989472,-0.04118300403209485,1,19.994133535281268,0.04118300403209485,1
ENSGACG00000015670,RPL5,1.3161074695263073,0.007186028436298453,1,1.3095245929694723,-0.007186028436298453,1
ENSGACG00000016489,rps8a,38.863911719126946,0.03397311761690336,1,37.954519892886154,-0.03397311761690336,1
ENSGACG00000016890,klf2b,2.633863507907971,0.15494943211128875,1,2.365404409728228,-0.15494943211128875,1
ENSGACG00000017028,ENSGACG00000017028,11.089373167031683,0.23770482161608575,1,9.40362977066737,-0.23770482161608575,1
ENSGACG00000017191,eef1da,3.6306981424468945,-0.06892046838980437,1,3.808009074426679,0.06892046838980437,1
ENSGACG00000017481,gtpbp4,3.4477069995023184,0.08124618926520721,1,3.2585844522728733,-0.08124618926520721,1
ENSGACG00000017667,eif3f,3.5999248571469056,0.3633753475031647,1,2.798018937574467,-0.3633753475031647,1
ENSGACG00000001512,DBI,2.3156897188241583,-0.05971101267365286,1,2.413379984175979,0.05971101267365286,1
ENSGACG00000001519,itgb2,2.7355252539882913,0.1129089413214599,1,2.529355720667063,-0.1129089413214599,1
ENSGACG00000001577,ENSGACG00000001577,1.6941792603547414,0.00029041741721103076,1,1.693746367459719,-0.00029041741721103076,1
ENSGACG00000002035,rpl8,46.77264604122407,0.08707605885995662,1,44.0273932601549,-0.08707605885995662,1
ENSGACG00000003250,rpl24,13.57926166157185,-0.040894340341260715,1,13.967984205735545,0.040894340341260715,1
ENSGACG00000004470,nfe2l2a,1.1743305479656445,-0.095699574186344,1,1.2548741559898609,0.095699574186344,1
ENSGACG00000004591,ENSGACG00000004591,1.907394165647521,0.032814795800301555,1,1.8643725409304148,-0.032814795800301555,1
ENSGACG00000005778,dap1b,1.3034684416352404,-0.09754006746043242,1,1.3946290902506997,0.09754006746043242,1
ENSGACG00000006417,tuba8l3,1.1221258675460206,0.3500853048125737,1,0.8802474963891643,-0.3500853048125737,1
ENSGACG00000006855,tpt1,12.408777774268703,0.08274751196996455,1,11.715635280140711,-0.08274751196996455,1
ENSGACG00000007146,dars,1.3600693056691484,0.3673375304636639,1,1.0542111011257906,-0.3673375304636639,1
ENSGACG00000007282,cxcr4a,7.86037630234,0.3880739581996977,1,6.0057075630419,-0.3880739581996977,1
ENSGACG00000007556,ENSGACG00000007556,1.456785345183399,0.17726358391145214,1,1.2882484686491655,-0.17726358391145214,1
ENSGACG00000007959,lcp1,10.3755428526623,-0.022805916059232878,1,10.539607937808459,0.022805916059232878,1
ENSGACG00000007989,itm2bb,11.403700295452998,-0.3292474561152261,1,14.325506530098348,0.3292474561152261,1
ENSGACG00000000825,PDCL3,3.313073876314867,0.04912597001856911,1,3.201848120752055,-0.04912597001856911,1
ENSGACG00000001147,psmb6,1.8018857589047022,0.09309658627259898,1,1.6891573994690645,-0.09309658627259898,1
ENSGACG00000001123,ENSGACG00000001123,23.176680014505862,-0.0498580641192774,1,23.988621581691813,0.0498580641192774,1
ENSGACG00000000344,ENSGACG00000000344,9.987030125749941,-0.3921296120178739,1,13.104841044584274,0.3921296120178739,1
ENSGACG00000000348,ENSGACG00000000348,1.751329647340435,-0.14259503009591912,1,1.933207060790231,0.14259503009591912,1
ENSGACG00000000350,ENSGACG00000000350,9.032508758498503,-0.2592072380324839,1,10.809105512532344,0.2592072380324839,1
ENSGACG00000018720,rps4x,16.875300326381367,0.008189852061827096,1,16.77768415274077,-0.008189852061827096,1
ENSGACG00000019258,fis1,1.0545345444764025,-0.09879874853997606,1,1.1293033046092265,0.09879874853997606,1
ENSGACG00000019326,ponzr1,6.095858104156712,-0.18850651304298838,1,6.946028822217813,0.18850651304298838,1
ENSGACG00000019370,capgb,3.9944823365289053,0.2025211247786327,1,3.4709285165677,-0.2025211247786327,1
ENSGACG00000019396,gabarapb,2.0991776758206657,0.02646988133650252,1,2.0608638067120717,-0.02646988133650252,1
ENSGACG00000019593,rpl34,36.56196007409743,-0.0918782875163755,1,38.96117259847243,0.0918782875163755,1
ENSGACG00000020024,epdl1,2.822899403322188,-0.3892655436232151,1,3.69703948483449,0.3892655436232151,1
ENSGACG00000020072,eif4a1b,7.040488058276012,0.34545857956528403,1,5.540553080352839,-0.34545857956528403,1
ENSGACG00000000850,ENSGACG00000000850,2.8915897722953776,-0.04655000543944743,1,2.9861666251912977,0.04655000543944743,1
ENSGACG00000020117,hspa8,1.1221258675460206,0.11650876802937316,1,1.0350208713466904,-0.11650876802937316,1
ENSGACG00000020217,atp5l,1.6381279192726188,-0.11114168382061029,1,1.769255749851396,0.11114168382061029,1
ENSGACG00000020257,ubb,6.879477833402857,0.1124642180729718,1,6.362812708496461,-0.1124642180729718,1
ENSGACG00000020333,msna,2.7047519686883024,0.028287402523395233,1,2.6520063196900083,-0.028287402523395233,1
ENSGACG00000020358,tagln2,3.20371880890955,0.2029467134049905,1,2.7830004968777797,-0.2029467134049905,1
ENSGACG00000020581,sod1,1.6183450930083403,0.18927295849734305,1,1.419242645836937,-0.18927295849734305,1
ENSGACG00000020617,cct8,1.8227676310725518,0.21154214278191996,1,1.5740160207944631,-0.21154214278191996,1
ENSGACG00000020625,rpl23a,29.925371385383766,0.01613175181510229,1,29.58883124592316,-0.01613175181510229,1
ENSGACG00000020692,ENSGACG00000020692,23.52013185937181,0.25032690297364013,1,19.77094281937217,-0.25032690297364013,1
ENSGACG00000020827,ncf1,1.7238534997511592,-0.04808128528651168,1,1.7821882960068767,0.04808128528651168,1
ENSGACG00000020887,cdkn2aipnl,1.114982069172809,0.0003425692559627658,1,1.1147020428207806,-0.0003425692559627658,1
ENSGACG00000001936,rnasekb,1.9233303312493009,-0.026956972157190173,1,1.9594893320094335,0.026956972157190173,1
ENSGACG00000020896,rhogb,5.448520066953376,0.04066519332809326,1,5.296503419031673,-0.04066519332809326,1
ENSGACG00000020906,rps14,50.591830556133395,-0.01129928895524035,1,50.983017197262264,0.01129928895524035,1
ENSGACG00000020909,ndufa2,1.1985095578442073,-0.1374072541543888,1,1.31828535004254,0.1374072541543888,1
ENSGACG00000020913,ENSGACG00000020913,1.1496020151352964,-0.0661763088089865,1,1.2035611502761796,0.0661763088089865,1
ENSGACG00000016356,gm2a,1.418318738558413,0.056079920650914716,1,1.364175029949084,-0.056079920650914716,1
ENSGACG00000017032,cfl1,3.24658159914882,0.18518613685542862,1,2.8551724480035263,-0.18518613685542862,1
ENSGACG00000017434,ndufa1,1.3029189186834549,-0.0938274150139109,1,1.3904573011682866,0.0938274150139109,1
ENSGACG00000017440,rpl39,33.16920536977366,-0.12216097595657516,1,36.09557067776287,0.12216097595657516,1
ENSGACG00000017482,rpl36a,35.03703388289262,0.04888551227219384,1,33.86533223430483,-0.04888551227219384,1
ENSGACG00000017697,ENSGACG00000017697,2.3162392417759436,0.04077256959686526,1,2.251514567778351,-0.04077256959686526,1
ENSGACG00000017702,eef1g,16.951684016679554,0.3231724534333491,1,13.547885045136546,-0.3231724534333491,1
ENSGACG00000017755,ran,2.713544335916871,-0.06441735790289549,1,2.83723375494915,0.06441735790289549,1
ENSGACG00000017988,ENSGACG00000017988,3.912053893761078,0.22649740023835196,1,3.3432717706458592,-0.22649740023835196,1
ENSGACG00000018103,rack1,24.72028998607137,0.25033439789420964,1,20.779681419499656,-0.25033439789420964,1
ENSGACG00000018116,hnrnpaba,1.0611288198978286,0.21978449387431492,1,0.9111187355990212,-0.21978449387431492,1
ENSGACG00000018138,ENSGACG00000018138,0.8440672539425503,-0.4472284225482579,1,1.1509966078377747,0.4472284225482579,1
ENSGACG00000018149,atp5po,1.8288123835421923,-0.0355885746131418,1,1.8743848347282064,0.0355885746131418,1
ENSGACG00000018200,gnpda1,1.3430340941637975,-0.429207612087773,1,1.8084705672260792,0.429207612087773,1
ENSGACG00000018298,vma21,1.0545345444764025,0.09110905539311397,1,0.9899655492566288,-0.09110905539311397,1
ENSGACG00000018439,rpl26,33.78631964462879,-0.021113175471266565,1,34.280008069096695,0.021113175471266565,1
ENSGACG00000018552,sh3bgrl,1.437552041870906,-0.2479220629685478,1,1.7070960925234409,0.2479220629685478,1
ENSGACG00000018687,ctsf,1.078713554354965,-0.2541528802955849,1,1.2865797530162004,0.2541528802955849,1
ENSGACG00000019348,gdi2,0.9891413132139262,-0.2429082031797462,1,1.1706040165251161,0.2429082031797462,1
ENSGACG00000019287,ENSGACG00000019287,3.9994280430949747,-0.23654942177560012,1,4.711618589677356,0.23654942177560012,1
ENSGACG00000019248,ndufa5,0.8742910162907537,-0.19547238826026525,1,1.0012293797791443,0.19547238826026525,1
ENSGACG00000019892,atp6v1e1b,1.231480934951338,-0.32931022927623665,1,1.547316570667019,0.32931022927623665,1
ENSGACG00000019990,hcls1,1.1622410430263632,-0.0643385705239845,1,1.2152421597069363,0.0643385705239845,1
ENSGACG00000020009,rps16,25.325314755987222,0.09216403655739391,1,23.75500139307668,-0.09216403655739391,1
ENSGACG00000020109,atp5f1c,2.8734555148864556,0.04882808574364872,1,2.7775771710706425,-0.04882808574364872,1
ENSGACG00000000684,lamtor4,2.0403787199796155,-0.07930957533200189,1,2.155563418882849,0.07930957533200189,1
ENSGACG00000000683,atp6v1f,1.1721324561585025,-0.04467247781046979,1,1.2089844760833166,0.04467247781046979,1
ENSGACG00000000590,rpl18a,25.952320443974497,-0.06779620278568732,1,27.19756174388397,0.06779620278568732,1
ENSGACG00000004803,sf3b6,1.5381147420476553,0.10917508382543661,1,1.425917508368798,-0.10917508382543661,1
ENSGACG00000005112,calm1b,1.1045411330888841,-0.022370411712132388,1,1.121794084260883,0.022370411712132388,1
ENSGACG00000008522,atp6v1d,0.999582249297851,-0.09882216606285732,1,1.0704810785472016,0.09882216606285732,1
ENSGACG00000008921,snx3,2.0315863527510474,-0.05050037149752162,1,2.103833234260927,0.05050037149752162,1
ENSGACG00000009066,tcp1,2.5734159832115644,0.2930719770335699,1,2.100078624086755,-0.2930719770335699,1
ENSGACG00000009220,erh,1.582626101142282,0.14989601481311254,1,1.4263346872770393,-0.14989601481311254,1
ENSGACG00000009586,pdia6,1.02540982803177,0.23661400649286946,1,0.8702352025913729,-0.23661400649286946,1
ENSGACG00000009681,laptm4a,1.1930143283263521,0.21066803932648925,1,1.0308490822642773,-0.21066803932648925,1
ENSGACG00000010916,rps12,34.88646459410339,-0.06260053352554795,1,36.42889662544768,0.06260053352554795,1
ENSGACG00000011811,COX7A2,1.6046070192137025,-0.03587451412223064,1,1.6449364351954858,0.03587451412223064,1
ENSGACG00000011913,rps7,43.05732136420221,0.04781678734375383,1,41.64822194645471,-0.04781678734375383,1
ENSGACG00000012791,faua,27.46460760728823,-0.06039699011763133,1,28.635160261683527,0.06039699011763133,1
ENSGACG00000012858,rps29,13.791927043912844,-0.21652939930151227,1,16.023424686640478,0.21652939930151227,1
ENSGACG00000013502,nfkbie,1.3056665334423825,0.1880825785508371,1,1.145990460938879,-0.1880825785508371,1
ENSGACG00000013530,hsp90ab1,26.482060569495733,0.41137115691976867,1,19.909446216908282,-0.41137115691976867,1
ENSGACG00000020925,mt-nd1,7.522419686991909,-0.40408845073780686,1,9.953054392821176,0.40408845073780686,1
ENSGACG00000020929,mt-nd2,7.834548723606081,-0.269843374544644,1,9.444930482583262,0.269843374544644,1
ENSGACG00000020935,mt-co1,26.142455385292283,-0.24246418869770636,1,30.92296939447887,0.24246418869770636,1
ENSGACG00000020938,mt-co2,120.20704665717774,-0.15811642277256865,1,134.11300670578342,0.15811642277256865,1
ENSGACG00000020940,ENSGACG00000020940,33.753897790473445,0.0029365205870917066,1,33.68093915686217,-0.0029365205870917066,1
ENSGACG00000020942,mt-co3,56.04419728374927,0.03029729356930133,1,54.872376158796,-0.03029729356930133,1
ENSGACG00000020944,mt-nd3,0.9935374968282102,-0.2452250012234371,1,1.1776960579652185,0.2452250012234371,1
ENSGACG00000020946,mt-nd4l,6.678352433049358,-0.28708580666590144,1,8.147921256861027,0.28708580666590144,1
ENSGACG00000020951,mt-nd5,2.3448144352687907,0.2290511968367036,1,2.000372865017082,-0.2290511968367036,1
ENSGACG00000020954,mt-cyb,31.14970852196189,0.051096477238160354,1,30.061912127868805,-0.051096477238160354,1
ENSGACG00000001940,RPS20,39.57774203349633,0.013196357651885648,1,39.212314301233704,-0.013196357651885648,1
ENSGACG00000002192,psme1,1.1133335003174525,0.09705083403115267,1,1.0408613760620686,-0.09705083403115267,1
ENSGACG00000002767,rpl7,41.7032968110027,0.02738076425855862,1,40.91398706795,-0.02738076425855862,1
ENSGACG00000003110,rpl21,30.019339810139087,0.015112452553085909,1,29.702721087873037,-0.015112452553085909,1
ENSGACG00000003266,ENSGACG00000003266,9.597418352934012,-0.3024433721560871,1,11.834531268989485,0.3024433721560871,1
ENSGACG00000004252,MYL12B,3.7823664771396968,0.10161843540979687,1,3.524744595730829,-0.10161843540979687,1
ENSGACG00000012539,rpl22l1,4.780849680533977,-0.1297314318991294,1,5.230171972621305,0.1297314318991294,1
ENSGACG00000012678,eif2s3,1.208950493928132,0.34076436176237296,1,0.9545053420561175,-0.34076436176237296,1
ENSGACG00000013435,rpl17,47.76508449214871,-0.007784413085934361,1,48.01729233857479,0.007784413085934361,1
ENSGACG00000001681,psme2,1.2501647153120456,-0.1197204826628191,1,1.3583345252337058,0.1197204826628191,1
ENSGACG00000001413,PHB2,1.720556362040446,-0.1055027754794684,1,1.851022815866693,0.1055027754794684,1
ENSGACG00000014681,CCT2,3.18778264330777,0.21009600533897466,1,2.7554666889338533,-0.21009600533897466,1
ENSGACG00000001945,vbp1,1.479315786206605,0.3313534313577524,1,1.175610163424012,-0.3313534313577524,1
ENSGACG00000000326,ENSGACG00000000326,15.547652874867563,0.28900958563886814,1,12.723539522451716,-0.28900958563886814,1
ENSGACG00000001751,ENSGACG00000001751,1.5342680813851566,0.1102129174806139,1,1.4213285403781435,-0.1102129174806139,1
ENSGACG00000003476,rps19,33.45550682765391,-0.003731455956960339,1,33.537846791335404,0.003731455956960339,1
ENSGACG00000014009,si:ch211-79k12.1,1.7062687652940227,0.05198955309024489,1,1.6457707930119683,-0.05198955309024489,1
ENSGACG00000014000,taf12,1.0204641214657004,-0.029122640119056853,1,1.04127855497031,0.029122640119056853,1
ENSGACG00000013795,csf3r,8.946783178019961,-0.2065947401060093,1,10.323092084431218,0.2065947401060093,1
ENSGACG00000013470,CTSS,9.034157327353858,-0.1386424683097487,1,9.944293635748108,0.1386424683097487,1
ENSGACG00000013220,tmem176l.1,3.7642322197307747,0.3992191604369091,1,2.853920911278802,-0.3992191604369091,1
ENSGACG00000013157,rbm8a,2.577262643874063,0.09440253615222405,1,2.41379716308422,-0.09440253615222405,1
ENSGACG00000011547,rpl18,31.72450952952954,0.07152141460145778,1,30.186231442524715,-0.07152141460145778,1
ENSGACG00000010761,rps9,38.36934106251998,0.01381635865739117,1,37.99874085715973,-0.01381635865739117,1
ENSGACG00000010464,zgc:92606,1.5095395485548084,-0.19078637661151765,1,1.7229488910366106,0.19078637661151765,1
ENSGACG00000010111,ptpn6,1.78375150149578,0.28290537475269273,1,1.4659666835599636,-0.28290537475269273,1
ENSGACG00000009950,tpi1b,1.002879387008564,-0.0460748167661168,1,1.0354380502549316,0.0460748167661168,1
ENSGACG00000009022,sec61b,1.0023298640567786,0.009416306816439325,1,0.9958060539720072,-0.009416306816439325,1
ENSGACG00000008828,ENSGACG00000008828,1.7040706734868807,-0.4040401460721015,1,2.254851999044281,0.4040401460721015,1
ENSGACG00000008819,ENSGACG00000008819,11.898270952059962,-0.024461755913376848,1,12.1002742335392,0.024461755913376848,1
ENSGACG00000008435,grinab,1.0825602150174636,0.1198436020136559,1,0.9962232328802485,-0.1198436020136559,1
ENSGACG00000008411,ENSGACG00000008411,1.549654724035151,-0.002161045113698856,1,1.5519055386576737,0.002161045113698856,1
ENSGACG00000008182,cpvl,1.889259908238599,0.04739311642863864,1,1.828077975913421,-0.04739311642863864,1
ENSGACG00000006293,eif3ha,1.678792617704747,0.20739465333656604,1,1.4538684952209657,-0.20739465333656604,1
ENSGACG00000005864,gapdhs,2.5151665503223,-0.0735800217462792,1,2.646582993882871,0.0735800217462792,1
ENSGACG00000005380,eif3ea,3.5092535701022958,0.229683384642428,1,2.9924243088149174,-0.229683384642428,1
ENSGACG00000003572,pabpc1a,3.3669271255898474,0.1519747740605446,1,3.0299704105566354,-0.1519747740605446,1
ENSGACG00000004745,ENSGACG00000004745,1.1144325462210234,0.3803579170745591,1,0.8560511197111683,-0.3803579170745591,1
ENSGACG00000004699,rpl35a,25.736907446874575,-0.15922837246486754,1,28.736534736386165,0.15922837246486754,1
ENSGACG00000004639,polr2d,1.2204904759156279,0.16292235502016117,1,1.0900884872345433,-0.16292235502016117,1
ENSGACG00000004619,spcs2,1.7485820325815074,-0.05827181745437904,1,1.8205687555650774,0.05827181745437904,1
ENSGACG00000004504,eif4h,1.702422104631524,0.015841847532207742,1,1.6837340736619275,-0.015841847532207742,1
ENSGACG00000005779,ENSGACG00000005779,2.0277396920885487,0.05729414279209355,1,1.9486426803951595,-0.05729414279209355,1
ENSGACG00000006818,rps25,37.44449393466496,0.021195712989389826,1,36.8936339292285,-0.021195712989389826,1
ENSGACG00000010517,si:dkey-4p15.3,1.0407964706817645,-0.08919133320655959,1,1.107192822472437,0.08919133320655959,1
ENSGACG00000011976,ENSGACG00000011976,1.8321095212529055,-0.12652137440704347,1,1.9999556861088406,0.12652137440704347,1
ENSGACG00000013152,eif3k,1.7667162899904292,0.24868800927418055,1,1.4868256289720292,-0.24868800927418055,1
ENSGACG00000013384,rps3,25.681955151696023,0.06165558126404935,1,24.604377650255987,-0.06165558126404935,1
ENSGACG00000013667,lgals9l6,2.4288914468919742,-0.3580602724051287,1,3.112989013296656,0.3580602724051287,1
ENSGACG00000015169,rpl31,41.36588971860639,-0.05743378699938706,1,43.04034796325596,0.05743378699938706,1
ENSGACG00000015085,atp5pf,0.9649623033353635,-0.07585288736130541,1,1.017082178292314,0.07585288736130541,1
ENSGACG00000014503,arpc2,2.2816192958134565,-0.31108487885967917,1,2.830558892417289,0.31108487885967917,1
ENSGACG00000013901,zgc:92027,1.7392401424011534,-0.10029089650699674,1,1.8643725409304148,0.10029089650699674,1
ENSGACG00000014899,gpd1c,1.0149688919478455,-0.06324402584754651,1,1.0604687847494103,0.06324402584754651,1
ENSGACG00000015537,cybb,4.042290833334245,-0.09037150234292923,1,4.303200438509114,0.09037150234292923,1
ENSGACG00000015402,eef1b2,17.00828488071346,0.21740587455421245,1,14.627126880756816,-0.21740587455421245,1
ENSGACG00000015453,xdh,0.811645399787205,-0.38612972171170185,1,1.0608859636576515,0.38612972171170185,1
ENSGACG00000001888,pbdc1,1.2737942022388227,-0.11120327849242495,1,1.3758560393798407,0.11120327849242495,1
ENSGACG00000001929,COX5B,1.2891808448888171,-0.0851153804433884,1,1.3675124612150145,0.0851153804433884,1
ENSGACG00000015475,atp6v1g1,5.255637510876661,0.029232716629832733,1,5.149656443330732,-0.029232716629832733,1
ENSGACG00000000860,ENSGACG00000000860,16.221368013756603,-0.3358552710366114,1,20.470969027401086,0.3358552710366114,1
ENSGACG00000015834,btf3,5.424341057074814,0.25692582788448437,1,4.538906521665454,-0.25692582788448437,1
ENSGACG00000015887,hexb,2.2013889448527713,0.11325970593127344,1,2.0349987144011106,-0.11325970593127344,1
ENSGACG00000015892,nsa2,3.8026988263557606,0.09761909405930891,1,3.5535299403994793,-0.09761909405930891,1
ENSGACG00000015957,RPL7A,46.03958242354219,0.0043215533733969025,1,45.89593759016773,-0.0043215533733969025,1
ENSGACG00000016089,rpl28,33.06644457778977,0.01888851720042517,1,32.632151381543515,-0.01888851720042517,1
ENSGACG00000016123,rpl37,21.112122284647683,-0.03159786431092737,1,21.5769103131488,0.03159786431092737,1
ENSGACG00000016554,edf1,1.7260515915583012,0.0613211824918507,1,1.6541143711767945,-0.0613211824918507,1
ENSGACG00000016830,oaz1b,2.0310368297992616,0.31614018688080003,1,1.6311695312235226,-0.31614018688080003,1
ENSGACG00000016938,uqcr10,1.130918234774589,0.038728579812940644,1,1.1009351388488173,-0.038728579812940644,1
ENSGACG00000017070,anxa4,7.32129428663841,0.33834237063523,1,5.790026067481143,-0.33834237063523,1
ENSGACG00000017305,ENSGACG00000017305,1.0820106920656782,-0.23187119091624464,1,1.2707269545030306,0.23187119091624464,1
ENSGACG00000017341,ndufa8,1.053985021524617,-0.02577406611191735,1,1.0729841519966496,0.02577406611191735,1
ENSGACG00000017611,arpc3,3.8538044608718134,0.14561114492648275,1,3.4834438838149393,-0.14561114492648275,1
ENSGACG00000018641,reep5,1.1358639413406586,0.2521024993297645,1,0.9536709842396349,-0.2521024993297645,1
ENSGACG00000018502,sprb,4.796785846135756,0.23052258405337156,1,4.087936121856598,-0.23052258405337156,1
ENSGACG00000000474,rpl23,56.87067980323469,-0.05276672963997431,1,58.981588404972904,0.05276672963997431,1
ENSGACG00000004178,ENSGACG00000004178,1.7755086572189975,-0.06761727059527778,1,1.8606179307562432,0.06761727059527778,1
ENSGACG00000005605,atp5mc1,7.777947859572173,0.06384232390570732,1,7.440385828483766,-0.06384232390570732,1
ENSGACG00000005359,scpep1,1.9711388280546407,-0.397803007123416,1,2.5969387038021554,0.397803007123416,1
ENSGACG00000005975,ENSGACG00000005975,5.63315977875331,-0.4081010314006024,1,7.474177320051312,0.4081010314006024,1
ENSGACG00000006018,rpsa,36.163006411101144,0.013016629413943548,1,35.83358232338733,-0.013016629413943548,1
ENSGACG00000006096,DDX39A,1.4831624468691038,-0.07314187918613069,1,1.5602491168225,0.07314187918613069,1
ENSGACG00000006771,hmox1a,2.055215839677824,-0.0871672790707061,1,2.1830972268267756,0.0871672790707061,1
ENSGACG00000006896,grb2b,1.2193914300120567,-0.003018308645639789,1,1.2219170222387974,0.003018308645639789,1
ENSGACG00000007176,ENSGACG00000007176,1.529322374819087,-0.09379321962556375,1,1.632003889040005,0.09379321962556375,1
ENSGACG00000007796,atp5mf,1.8332085671564764,-0.01857922673313772,1,1.8568633205820713,0.01857922673313772,1
ENSGACG00000007836,ENSGACG00000007836,52.23710227377923,0.03916225533482187,1,50.83158125357067,-0.03916225533482187,1
ENSGACG00000008514,ENSGACG00000008514,5.878796538201435,-0.13439475842241277,1,6.452088994860102,0.13439475842241277,1
ENSGACG00000008659,rab5c,1.075416416644252,0.009432968688550813,1,1.068395184005995,-0.009432968688550813,1
ENSGACG00000009280,ENSGACG00000009280,16.7752871491564,0.016827580403951714,1,16.578689813509662,-0.016827580403951714,1
ENSGACG00000009661,NDUFA4,5.665581632908655,-0.043301459794800046,1,5.837584463020653,0.043301459794800046,1
ENSGACG00000011905,rps2,43.82830206555728,0.04534294504600389,1,42.46672696442416,-0.04534294504600389,1
ENSGACG00000012769,ENSGACG00000012769,0.48797638118553693,-1.3578653153420162,1,1.2515367247239304,1.3578653153420162,1
ENSGACG00000013298,arhgdia,6.548665016427977,0.040331755534626534,1,6.367401676487116,-0.040331755534626534,1
ENSGACG00000013328,ALYREF,1.0364002870674804,0.058218535945171235,1,0.9953888750637659,-0.058218535945171235,1
ENSGACG00000013555,coro1a,2.2250184317795485,-0.18621423319358743,1,2.5314416152082697,0.18621423319358743,1
ENSGACG00000013727,eif3g,1.7073678111975936,0.10617124420362112,1,1.586114209133461,-0.10617124420362112,1
ENSGACG00000014154,si:dkey-159f12.2,37.35821883123464,-0.1078016960988295,1,40.251506961662805,0.1078016960988295,1
ENSGACG00000014208,fmnl1a,1.1847714840495693,0.06965396837199278,1,1.1288861257009852,-0.06965396837199278,1
ENSGACG00000014330,ndufab1b,1.0946497199567449,0.1024299244259641,1,1.0195852517417618,-0.1024299244259641,1
ENSGACG00000014635,rpl27,35.686020488951314,-0.1029059748904233,1,38.3195514375973,0.1029059748904233,1
ENSGACG00000014559,rpl3,25.095064639189093,0.2367366366224637,1,21.294480192269432,-0.2367366366224637,1
ENSGACG00000014538,eif3d,1.8134257408921979,0.42200733976253746,1,1.35332837833481,-0.42200733976253746,1
ENSGACG00000014908,arl6ip1,1.6710992963797497,-0.035039389514168295,1,1.7121022394223366,0.035039389514168295,1
ENSGACG00000014885,eif1b,1.8068314654707718,0.17048801645106582,1,1.6053044389125612,-0.17048801645106582,1
ENSGACG00000014702,COX5A,2.349210618883075,0.09550784041746074,1,2.1985328464317044,-0.09550784041746074,1
ENSGACG00000015423,ENSGACG00000015423,1.744185848967223,0.0394049908996823,1,1.6970837987256495,-0.0394049908996823,1
ENSGACG00000015484,fth1b,11.763088305920725,-0.007790752466377615,1,11.825353333008175,0.007790752466377615,1
ENSGACG00000015499,rplp2l,16.248294638394093,-0.022597824192280846,1,16.502763252209746,0.022597824192280846,1
ENSGACG00000015525,spi1b,3.1586579268631376,-0.05884293249919592,1,3.2898728703909716,0.05884293249919592,1
ENSGACG00000015752,rpl13,33.49122581951997,0.046536300078373394,1,32.4239791063311,-0.046536300078373394,1
ENSGACG00000015943,cyba,3.0179800512060457,0.15336791433983787,1,2.713331619201481,-0.15336791433983787,1
ENSGACG00000015958,irf8,0.9638632574317925,-0.10908917287307529,1,1.0396098393373447,0.10908917287307529,1
ENSGACG00000015963,cox4i1,4.805028690412539,-0.12590211705867915,1,5.242687339868544,0.12590211705867915,1
ENSGACG00000016009,eif3m,1.400184481149491,0.19438518177531416,1,1.2235857378717625,-0.19438518177531416,1
ENSGACG00000016070,ENSGACG00000016070,6.117289499276348,-0.08530605358902399,1,6.489217917693579,0.08530605358902399,1
ENSGACG00000016151,psmb1,1.2765418169977503,-0.03683181094795818,1,1.3095245929694723,0.03683181094795818,1
ENSGACG00000016430,sec11a,1.2375256874209788,0.06074134046798596,1,1.186456815038286,-0.06074134046798596,1
ENSGACG00000017042,rps17,17.080821910349147,-0.0007560906924730659,1,17.087648081564062,0.0007560906924730659,1
ENSGACG00000017200,taldo1,4.1467001941734924,0.08210079575537033,1,3.9168927694776605,-0.08210079575537033,1
ENSGACG00000017423,hypk,1.6826392783672455,-0.32772443788435135,1,2.111759633517512,0.32772443788435135,1
ENSGACG00000017471,ENSGACG00000017471,1.0342021952603384,0.07830896602853367,1,0.9795360765505962,-0.07830896602853367,1
ENSGACG00000017491,rpl12,31.33599680261718,-0.1496763563084409,1,34.75726074012475,0.1496763563084409,1
ENSGACG00000009214,cpa1,1.2276342742888395,-0.41472753072205615,1,1.6365928570306596,0.41472753072205615,1
ENSGACG00000007990,RPS17,6.3590795980619745,-0.2893872136580664,1,7.770791523810884,0.2893872136580664,1
ENSGACG00000007744,gpia,1.321053176092377,-0.26718854582603535,1,1.589868819307633,0.26718854582603535,1
ENSGACG00000006703,rps13,23.367364478775436,0.00404270839836407,1,23.29902484636893,-0.00404270839836407,1
ENSGACG00000006523,RPL27A,25.651181866396033,-0.016300174106184784,1,25.93935015662818,0.016300174106184784,1
ENSGACG00000006058,rsl24d1,5.368289715992692,0.08862687316444529,1,5.047864789719852,-0.08862687316444529,1
ENSGACG00000004968,rpl4,6.000241110546034,-0.03240363177312444,1,6.135867382413189,0.03240363177312444,1
augustus_masked-chrY-processed-gene-6.13,augustus_masked-chrY-processed-gene-6.13,5.475446691590867,0.0007166094361319431,1,5.472135739401264,-0.0007166094361319431,1
maker-chrY-augustus-gene-11.16,maker-chrY-augustus-gene-11.16,6.5376745573922665,0.05827827584207945,1,6.278125390123476,-0.05827827584207945,1
maker-chrY-snap-gene-16.15,maker-chrY-snap-gene-16.15,1.0611288198978286,-0.12766710934859404,1,1.1593401860026007,0.12766710934859404,1
maker-chrY-augustus-gene-46.49,maker-chrY-augustus-gene-46.49,4.878115243000012,0.2925099287703383,1,3.982389858071546,-0.2925099287703383,1
