FeatureID,FeatureName,ROB Average,ROB Log2 Fold Change,ROB P-Value,SAY Average,SAY Log2 Fold Change,SAY P-Value
ENSGACG00000009171,ENSGACG00000009171,0.0008115394695395743,-12.583943005562448,4.575734903274178e-159,7.474395017789612,12.583943005562448,4.575734903273918e-159
ENSGACG00000006358,ENSGACG00000006358,1.1028821391042816,-4.518952455551991,3.002479805408671e-55,25.297782989949873,4.518952455551991,3.002479805408351e-55
ENSGACG00000019403,ENSGACG00000019403,1.8478753721416108,3.9125195509576676,6.733658191066133e-34,0.12220619339735556,-3.9125195509576676,6.733658191066133e-34
ENSGACG00000000330,ENSGACG00000000330,5.688080142002876,3.179196858485833,2.7379871866405404e-25,0.6275453174458799,-3.179196858485833,2.7379871866403204e-25
ENSGACG00000013895,ENSGACG00000013895,1.3869209534431326,-3.419792519640788,5.3486117744808555e-24,14.848602976127337,3.419792519640788,5.348611774480255e-24
ENSGACG00000014315,ENSGACG00000014315,0.03854812480312978,-4.788544042042519,6.4906355467045126e-21,1.0761851715848203,4.788544042042519,6.4906355467045126e-21
ENSGACG00000012609,ENSGACG00000012609,7.2665244102573485,2.7869601159799444,1.993142558976375e-20,1.0525146025934407,-2.7869601159799444,1.99314255897679e-20
ENSGACG00000007933,c4b,0.18746561746364168,-2.429653268963142,4.556684619151376e-16,1.0117792047943222,2.429653268963142,4.556684619151407e-16
ENSGACG00000014415,npsn,8.077658110062153,2.6838978485027356,2.6610447172842673e-14,1.25674206993767,-2.6838978485027356,2.661044717284375e-14
ENSGACG00000007518,gstr,8.108090840169886,2.2462921263763054,4.740601483573956e-14,1.7086847941684309,-2.2462921263763054,4.740601483573784e-14
ENSGACG00000020086,ENSGACG00000020086,0.4962563856234497,-2.2319362961738847,1.8145627945853823e-10,2.33292724152249,2.2319362961738847,1.8145627945852233e-10
ENSGACG00000006347,ENSGACG00000006347,0.3960312611353123,-1.834030622965359,1.8162511609909574e-10,1.4130779209505033,1.834030622965359,1.8162511609912376e-10
ENSGACG00000008253,ENSGACG00000008253,1.1523860467461955,-1.6526004967657761,7.957301222675456e-09,3.6243494474242746,1.6526004967657761,7.957301222675633e-09
ENSGACG00000014492,hbae5,6.317023230896047,-1.86650511319655,2.2015349875420642e-08,23.039170325493345,1.86650511319655,2.2015349875420755e-08
ENSGACG00000011036,timp2b,0.6394931019971846,-1.6662540439686895,2.7358526014852006e-08,2.030714628120922,1.6662540439686895,2.735852601485068e-08
ENSGACG00000011698,TP53I3,0.3002696037296425,-1.7354159831570937,3.420031023477304e-08,1.0007696378215873,1.7354159831570937,3.420031023477304e-08
ENSGACG00000020286,prdx5,2.7507130320043873,1.6470087339899198,7.986727736063339e-08,0.8780129660755951,-1.6470087339899198,7.986727736063085e-08
ENSGACG00000016172,prdx1,0.875245317898431,-1.47482004813965,1.3165249287327193e-06,2.433664779323013,1.47482004813965,1.3165249287327348e-06
ENSGACG00000000350,ENSGACG00000000350,10.513493827885185,1.468244438015351,3.91566000255144e-06,3.799952040639394,-1.468244438015351,3.915660002551358e-06
ENSGACG00000006713,ENSGACG00000006713,3.111442326214728,-1.3522766206405759,5.676717106030456e-06,7.945604484222658,1.3522766206405759,5.676717106030468e-06
ENSGACG00000012351,ENSGACG00000012351,0.4966621553582195,-1.3735426683922747,6.18140497613365e-06,1.2875688574613273,1.3735426683922747,6.181404976133821e-06
ENSGACG00000012927,ENSGACG00000012927,9.413046307189523,1.5938442242414492,2.1401606216177335e-05,3.1184598450271137,-1.5938442242414492,2.1401606216176972e-05
ENSGACG00000010517,si:dkey-4p15.3,1.0769128760790152,-1.30163296916273,2.6965837566620562e-05,2.655507553823618,1.30163296916273,2.6965837566621528e-05
ENSGACG00000001460,ENSGACG00000001460,1.9420139506082015,-1.1918318649427544,0.00014366582459827973,4.437405968360735,1.1918318649427544,0.0001436658245982735
ENSGACG00000004652,ENSGACG00000004652,2.4634280597873777,1.2424438142646301,0.00016799725548182626,1.040954557272069,-1.2424438142646301,0.00016799725548182783
ENSGACG00000020876,irf1b,0.7628471013671999,-1.1941635602058835,0.0003133739775314047,1.7461173218757289,1.1941635602058835,0.0003133739775314202
ENSGACG00000019085,f13a1b,0.6143353784414578,-1.1467603338410655,0.00038840161815179773,1.3607824778300133,1.1467603338410655,0.0003884016181517762
ENSGACG00000005065,nfkbiaa,0.7977432985574016,-1.154012508019853,0.00046966603158690056,1.7758431527021128,1.154012508019853,0.00046966603158690056
ENSGACG00000011271,zfp36l1a,1.2306996055567645,1.1802832079791947,0.00048261504837188775,0.5427716517558224,-1.1802832079791947,0.00048261504837185615
ENSGACG00000005566,ENSGACG00000005566,1.003062784350914,1.381019524746168,0.0006776311088189011,0.38478436569707897,-1.381019524746168,0.0006776311088189048
ENSGACG00000014616,grna,1.8068926289298624,1.0765167258973118,0.002235878989870815,0.8565443104787623,-1.0765167258973118,0.002235878989870815
ENSGACG00000013902,ENSGACG00000013902,2.7040495125058617,-1.1056603392160476,0.003615787429945206,5.820207580136217,1.1056603392160476,0.0036157874299453294
ENSGACG00000013918,HBE1,10.04848171183901,-1.1260929910548603,0.0043078905961510105,21.936011714825323,1.1260929910548603,0.004307890596151402
ENSGACG00000007655,GSTM4,0.6622162071442926,-0.9977279929609315,0.004665994205181488,1.3227994717740783,0.9977279929609315,0.004665994205181468
ENSGACG00000006771,hmox1a,2.1233930220502963,1.0251390723383347,0.004810136845765891,1.043156470666616,-1.0251390723383347,0.004810136845765848
ENSGACG00000020024,epdl1,3.595931389529854,1.0645847719971138,0.005421898190899304,1.719143882792529,-1.0645847719971138,0.005421898190899304
ENSGACG00000000138,psmb12,0.6987354832735735,-0.9352556762223578,0.008838543220270752,1.3365614304899969,0.9352556762223578,0.008838543220270318
ENSGACG00000009950,tpi1b,1.0071204816986117,-0.899617204812053,0.013423360586238345,1.8793330822458192,0.899617204812053,0.013423360586238345
ENSGACG00000014527,fbp2,1.5605903999246014,1.017460986054356,0.015855152421467424,0.7706696880914314,-1.017460986054356,0.015855152421465978
ENSGACG00000015634,scinlb,1.308201624897794,0.944972230914498,0.016796274210739783,0.6792902822177331,-0.944972230914498,0.016796274210739745
ENSGACG00000019142,ENSGACG00000019142,3.595119850060314,-0.8857001368025486,0.01713836724430793,6.643723189696776,0.8857001368025486,0.0171383672443066
ENSGACG00000009022,sec61b,0.9685723568954819,-0.8665863485563013,0.019841868935954295,1.7664850207752882,0.8665863485563013,0.01984186893595409
ENSGACG00000000332,psma5,0.7940913709444735,-0.8649492648257917,0.020833398444992993,1.446657100217344,0.8649492648257917,0.020833398444992626
ENSGACG00000003441,apoeb,1.4834941503183419,1.20680446464991,0.021881187485443307,0.6424082328590718,-1.20680446464991,0.02188118748544328
ENSGACG00000019078,cxcl19,6.151063409375204,0.8868783000821838,0.02618427453012876,3.3265406608118,-0.8868783000821838,0.02618427453012993
ENSGACG00000011333,cbr1l,2.0203275094187703,0.8619745615048455,0.02841563905566402,1.1114157858975715,-0.8619745615048455,0.028415639055664604
ENSGACG00000009586,pdia6,0.846435666729776,-0.8414845546617966,0.029404017548079083,1.5171183288428465,0.8414845546617966,0.029404017548078237
ENSGACG00000020830,ENSGACG00000020830,0.7052277990298901,-0.825520790009536,0.03326109875409722,1.250136329754029,0.825520790009536,0.033261098754097
ENSGACG00000015958,irf8,1.0111781790463097,-0.8250337045861873,0.03832235727931445,1.7918070248125781,0.8250337045861873,0.03832235727931448
ENSGACG00000006079,sidt2,0.5733526352297093,-0.8306750116275727,0.039086950788711765,1.0200363800238732,0.8306750116275727,0.039086950788711765
ENSGACG00000008828,ENSGACG00000008828,2.1931854164306994,0.8389963913832219,0.03924187073904419,1.2259152824140127,-0.8389963913832219,0.03924187073904427
ENSGACG00000000107,psmb9a,1.3167227893279594,-0.7837972253340505,0.048079210634506236,2.2674203180347186,0.7837972253340505,0.04807921063449981
ENSGACG00000018687,ctsf,1.2513938620300236,0.7524951942871461,0.09290067476117228,0.7425952923109579,-0.7524951942871461,0.09290067476117313
ENSGACG00000004818,ENSGACG00000004818,2.181012324387606,0.7412215874853118,0.09653845788155387,1.3046336862690662,-0.7412215874853118,0.09653845788154987
ENSGACG00000005090,ENSGACG00000005090,1.4847114595226512,-0.7123449735941024,0.10210975007817803,2.4331143009743763,0.7123449735941024,0.10210975007817795
ENSGACG00000009964,tktb,2.7819573015816608,0.7643871079463924,0.10962813163540978,1.6376730871942917,-0.7643871079463924,0.10962813163540228
ENSGACG00000004194,fbl,0.9020261203932368,-0.7099683369924075,0.11386340099861934,1.4758324526950912,0.7099683369924075,0.11386340099863132
ENSGACG00000002605,calm2a,1.1617187506459006,-0.6945146429764525,0.12114613487749766,1.8804340389430927,0.6945146429764525,0.12114613487749787
ENSGACG00000006710,ENSGACG00000006710,10.489959183268537,0.7008048519260761,0.13627311561871028,6.454358637765738,-0.7008048519260761,0.1362731156187168
ENSGACG00000016482,hmgb2a,3.649492994519466,-0.6687692984021285,0.15276814103533135,5.802592272979842,0.6687692984021285,0.1527681410353513
ENSGACG00000017972,tcirg1b,0.6678969834310696,-0.6767754507987498,0.15798138437598686,1.0679279963552692,0.6767754507987498,0.15798138437598205
ENSGACG00000006925,kpna2,0.758789404019502,-0.7488868955771287,0.1620220910525607,1.275458333791319,0.7488868955771287,0.16202209105255386
ENSGACG00000007537,gstr,1.4473806439238308,0.67721214348626,0.16600676479983578,0.9049864051587952,-0.67721214348626,0.16600676479983612
ENSGACG00000000344,ENSGACG00000000344,12.746444678323325,0.6693832534549644,0.17703272685441343,8.015515234499524,-0.6693832534549644,0.17703272685440183
ENSGACG00000005778,dap1b,1.3564882233353985,0.6694907441078419,0.1796006377255364,0.8526909620383052,-0.6694907441078419,0.17960063772554416
ENSGACG00000003869,magoh,0.9194742189883377,-0.6397609452362906,0.19437099079078948,1.4328951415014257,0.6397609452362906,0.19437099079078518
ENSGACG00000015484,fth1b,11.501948901784386,-0.6330588475197274,0.2071693696421705,17.840452800968002,0.6330588475197274,0.2071693696421803
ENSGACG00000005864,gapdhs,2.57420319737953,-0.6311814135272642,0.2119335272404526,3.9876651575245208,0.6311814135272642,0.2119335272404503
ENSGACG00000018498,eif4ebp3l,0.8026125353746391,-0.6294506939557649,0.21634801410827068,1.241879154524478,0.6294506939557649,0.21634801410827056
ENSGACG00000012769,ENSGACG00000012769,1.2173092043093614,2.424911188603629,0.22871842569434253,0.2262466012896988,-2.424911188603629,0.22871842569434214
ENSGACG00000015943,cyba,2.6391263549426958,-0.6164035974953179,0.23826566394334422,4.046566340828652,0.6164035974953179,0.23826566394335263
ENSGACG00000013222,psma8,1.022133961885094,-0.6127909856137032,0.23841261040567993,1.5633585101283323,0.6127909856137032,0.238412610405679
ENSGACG00000008932,vdac2,0.938139626787748,-0.6091170211182417,0.24553833669843683,1.4312437064555155,0.6091170211182417,0.24553833669843683
ENSGACG00000002192,psme1,1.012395488250619,-0.6051094405221075,0.2500252291947179,1.5402384194855894,0.6051094405221075,0.2500252291947175
ENSGACG00000009568,snu13a,1.2712765790337432,-0.6057457784822647,0.2525127007869237,1.9349313954581298,0.6057457784822647,0.252512700786949
ENSGACG00000008983,ENSGACG00000008983,2.5770435855229183,-0.602454535175261,0.25386729184356277,3.9133505804585615,0.602454535175261,0.2538672918435631
ENSGACG00000000326,ENSGACG00000000326,12.37557114074374,-0.5938656827207822,0.26239835399594325,18.681033239336298,0.5938656827207822,0.26239835399594347
ENSGACG00000012551,ENSGACG00000012551,1.004685863289993,-0.5917024892671757,0.2721511858166679,1.5143659370996627,0.5917024892671757,0.2721511858166762
ENSGACG00000006241,bpifcl,1.5869654326846376,-0.5949134715761142,0.27657805484928405,2.3973332083129884,0.5949134715761142,0.2765780548492843
ENSGACG00000005201,SNRPD1,1.4039632823034636,-0.5825772040035042,0.29125320987480624,2.1028272917923343,0.5825772040035042,0.2912532098747983
ENSGACG00000011811,COX7A2,1.5999500641972708,-0.5811717370569822,0.2928372438206263,2.3940303382211683,0.5811717370569822,0.29283724382061316
ENSGACG00000017471,ENSGACG00000017471,0.9527473372394603,-0.5823913806525387,0.2937308237820088,1.4268398796664217,0.5823913806525387,0.2937308237819502
ENSGACG00000004591,ENSGACG00000004591,1.813384944686179,-0.5770259721134224,0.2970427130105921,2.705601083549561,0.5770259721134224,0.297042713010584
ENSGACG00000020913,ENSGACG00000020913,1.170645684810836,0.6017690626691339,0.2980987631432295,0.7712201664400682,-0.6017690626691339,0.2980987631432227
ENSGACG00000018016,cd74a,28.478948834817512,0.597202345558717,0.2980987631432295,18.828010958422308,-0.597202345558717,0.2980987631432227
ENSGACG00000001093,srp19,0.9555877253828488,-0.5775420668656049,0.30289340096476886,1.426289401317785,0.5775420668656049,0.3028934009647647
ENSGACG00000018298,vma21,0.9628915806087049,-0.566561671054159,0.3257773252320282,1.426289401317785,0.566561671054159,0.3257773252320276
ENSGACG00000013438,CAPNS1,1.7371002345494588,0.5798590732156153,0.32965035603959864,1.1620597939721513,-0.5798590732156153,0.32965035603959875
ENSGACG00000014618,h2afva,3.0071595043788926,-0.5598375953781063,0.3381834048867621,4.4335526199202775,0.5598375953781063,0.33818340488676724
ENSGACG00000009661,NDUFA4,5.677935898633632,0.5684552831361549,0.3446632595322583,3.829127393117141,-0.5684552831361549,0.3446632595322769
ENSGACG00000017988,ENSGACG00000017988,3.2518386544450744,0.5664978861207612,0.3543193611851595,2.195858132711943,-0.5664978861207612,0.3543193611851263
ENSGACG00000010310,ppdpfb,2.85986509065746,-0.5482068601807095,0.3578830522509402,4.182534492941926,0.5482068601807095,0.3578830522509399
ENSGACG00000020678,prdx4,1.4120786769988594,0.5680802015456028,0.3604927829380591,0.9523275431415545,-0.5680802015456028,0.36049278293807957
ENSGACG00000010801,ENSGACG00000010801,26.930531526936004,0.5664143720967072,0.36180229476970743,18.18835511730642,-0.5664143720967072,0.3618022947696978
ENSGACG00000008422,zgc:103438,1.5837192748064792,0.5802787192818193,0.36180229476970743,1.0591203427770814,-0.5802787192818193,0.3618022947696978
ENSGACG00000018151,psmb3,0.7884105946576965,-0.5511769967591451,0.36379707021684554,1.1554540537885105,0.5511769967591451,0.36379707021684493
ENSGACG00000017305,ENSGACG00000017305,1.2359746121087718,-0.5535802747953426,0.36710760616072574,1.8143766371066843,0.5535802747953426,0.3671076061607254
ENSGACG00000005380,eif3ea,2.9105863075036833,0.5553657552213561,0.3737774036690543,1.9806210983949788,-0.5553657552213561,0.37377740366905365
ENSGACG00000016430,sec11a,1.1540091256852747,-0.5439756419783013,0.3790334865456694,1.6828123117825042,0.5439756419783013,0.37903348654566976
ENSGACG00000007839,mmp25b,2.7961592422986032,-0.5367535446698137,0.3891800411217003,4.05702542945275,0.5367535446698137,0.3891800411217003
ENSGACG00000012630,cox6a1,1.7184348267500487,-0.5308803662178981,0.3992954036995486,2.4832078307003194,0.5308803662178981,0.3992954036995486
ENSGACG00000003471,tubb2b,1.0351185933977272,-0.5317942101842731,0.4168526159163221,1.4967506299432871,0.5317942101842731,0.4168526159163224
ENSGACG00000001305,ssr2,2.4589645927049104,-0.5214843990446325,0.4210216695700132,3.5302176498073927,0.5214843990446325,0.42102166957001286
ENSGACG00000017697,ENSGACG00000017697,2.1899392585525415,-0.524414583071257,0.42197214495873253,3.1503875892480444,0.524414583071257,0.42197214495873253
ENSGACG00000012665,ENSGACG00000012665,32.52528462994183,0.5316707200180719,0.42712891112801943,22.502453935572525,-0.5316707200180719,0.42712891112801943
ENSGACG00000000085,rpa3,0.7445874633025594,-0.5296802963660182,0.4284486213087912,1.0750842148875468,0.5296802963660182,0.42844862130877315
ENSGACG00000017032,cfl1,2.777088064764423,-0.5131629458564595,0.4341227954163608,3.9639945885331413,0.5131629458564595,0.4341227954163612
ENSGACG00000008514,ENSGACG00000008514,6.275634717949528,0.5167258797223573,0.45965880502394124,4.386761960286155,-0.5167258797223573,0.4596588050239289
ENSGACG00000013328,ALYREF,0.9681665871607121,-0.5076991108954841,0.46060542415253775,1.3767463499404786,0.5076991108954841,0.4606054241525198
ENSGACG00000012167,lgmn,2.6667186969070413,0.5192860810065604,0.4641588628202939,1.8606168183921703,-0.5192860810065604,0.46415886282029345
ENSGACG00000012793,ENSGACG00000012793,6.450115703900537,-0.4966716484723963,0.47183460248381076,9.102159494708442,0.4966716484723963,0.4718346024837072
ENSGACG00000013220,tmem176l.1,2.775870755560114,-0.49929986037479157,0.4722637718693183,3.924360147431296,0.49929986037479157,0.4722637718693109
ENSGACG00000004430,rpia,1.2091938096139658,0.5168022714585717,0.47476365776974483,0.8449842651573909,-0.5168022714585717,0.4747636577697452
ENSGACG00000016151,psmb1,1.2737111974423618,-0.4970177834705146,0.48232349424179605,1.7978622866475822,0.4970177834705146,0.4823234942418584
ENSGACG00000004358,ENSGACG00000004358,1.1296629415990875,-0.4976938936454437,0.4834683308993602,1.5952862543492632,0.4976938936454437,0.4834683308993951
ENSGACG00000004373,dkc1,1.5971096760538823,-0.4923487428775508,0.4970697408117007,2.247052619135159,0.4923487428775508,0.49706974081170885
ENSGACG00000000016,cox6c,1.5086518738740686,-0.4871341162622562,0.499725913916949,2.1149378154623424,0.4871341162622562,0.4997259139169316
ENSGACG00000005260,ddost,0.9202857584578773,-0.49042003559146563,0.505293829684294,1.2930736409476946,0.49042003559146563,0.5052938296842926
maker-chrY-snap-gene-16.15,maker-chrY-snap-gene-16.15,1.1276340929252386,-0.48879468063986886,0.5055040312146233,1.5826252523306181,0.48879468063986886,0.5055040312146233
ENSGACG00000010502,ENSGACG00000010502,0.7677163381844373,-0.4863100843024503,0.5134194525429245,1.0756346932361835,0.4863100843024503,0.5134194525429391
ENSGACG00000000336,ENSGACG00000000336,2.585564749953084,0.5001046996383266,0.5160882163098944,1.8281385958226026,-0.5001046996383266,0.5160882163098941
ENSGACG00000010111,ptpn6,1.4258748479810321,-0.47749053710692424,0.5282936600026832,1.9855754035327093,0.47749053710692424,0.5282936600026846
ENSGACG00000004745,ENSGACG00000004745,0.8326394957476033,-0.47864135549653036,0.5311882096641757,1.160408358926241,0.47864135549653036,0.5311882096641769
ENSGACG00000005726,pcna,0.9929185409816692,-0.4867793667820278,0.5400987546701074,1.3916092653536705,0.4867793667820278,0.5400987546701004
ENSGACG00000008411,ENSGACG00000008411,1.5094634133436082,-0.4724010589596903,0.5501007915882563,2.0945701165627835,0.4724010589596903,0.5501007915882563
ENSGACG00000014330,ndufab1b,0.9917012317773598,-0.4661271649272883,0.5618398140590415,1.3701406097568378,0.4661271649272883,0.5618398140590063
ENSGACG00000007536,ENSGACG00000007536,0.9507184885656114,-0.4714712261779788,0.5750718351418285,1.3183956449849845,0.4714712261779788,0.5750718351418287
ENSGACG00000010920,snrpe,0.957210804321928,-0.4604521805057393,0.5797385268762185,1.317294688287711,0.4604521805057393,0.579738526876219
ENSGACG00000008940,sh3bgrl3,0.8991857322498483,-0.4604907787219507,0.5797385268762185,1.2374753277353843,0.4604907787219507,0.579738526876219
ENSGACG00000013502,nfkbie,1.1146494614126052,-0.4585930948420691,0.5804976681401947,1.5319812442560383,0.4585930948420691,0.5804976681401939
ENSGACG00000019326,ponzr1,6.756066083916957,-0.4529258988851126,0.5826868527334946,9.249137213794452,0.4529258988851126,0.5826868527335023
ENSGACG00000015203,NDUFA13,0.9653261990173236,-0.45609045609063187,0.58976997600599,1.3244509068199886,0.45609045609063187,0.58976997600598
ENSGACG00000015161,atic,0.8034240748441785,-0.45069872825921503,0.6132595438032761,1.09820430553029,0.45069872825921503,0.613259543803356
ENSGACG00000019892,atp6v1e1b,1.5049999462611405,-0.4448623171547881,0.6187261535621363,2.048880413625934,0.4448623171547881,0.6187261535621431
ENSGACG00000003912,sub1b,0.8659126139987258,-0.44655746569049604,0.6199580098428146,1.1802255794771637,0.44655746569049604,0.6199580098428151
ENSGACG00000003262,snrpb,2.1051333839856556,-0.4398158878114409,0.6278744698800688,2.8558816727273904,0.4398158878114409,0.6278744698800673
ENSGACG00000016738,eif3bb,0.7762375026146029,-0.44282777834354603,0.634736979336617,1.0552669943366244,0.44282777834354603,0.6347369793366864
ENSGACG00000007282,cxcr4a,5.841461101745856,-0.433589573501977,0.6348865516867088,7.8905566493589845,0.433589573501977,0.6348865516867086
ENSGACG00000019990,hcls1,1.18200723738439,0.4524204304740824,0.6348865516867088,0.86370052901104,-0.4524204304740824,0.6348865516867086
ENSGACG00000007164,pgd,3.7184738494303295,0.45648823113134984,0.6385946820785448,2.710004910338655,-0.45648823113134984,0.6385946820785613
ENSGACG00000005837,FAHD2A,1.6555405178607316,0.44310337164564795,0.6394276607087745,1.2176581071844617,-0.44310337164564795,0.6394276607087745
ENSGACG00000004060,dynll1,1.841788826120064,-0.4286506963340646,0.6470625960526787,2.479354482259862,0.4286506963340646,0.6470625960526784
ENSGACG00000015247,nme2a,4.649309620992222,-0.4251369939880738,0.6470625960526787,6.243525430237868,0.4251369939880738,0.6470625960526784
ENSGACG00000007556,ENSGACG00000007556,1.2530169409691028,-0.42479256907077334,0.659085009189047,1.6822618334338675,0.42479256907077334,0.6590850091890479
ENSGACG00000008662,ssr4,1.2728996579728225,-0.4231692218794344,0.6674565985963028,1.7070333591225206,0.4231692218794344,0.6674565985963028
ENSGACG00000018116,hnrnpaba,0.8862011007372151,-0.42388168028298745,0.671941120262658,1.1890332330553515,0.42388168028298745,0.6719411202626608
ENSGACG00000000850,ENSGACG00000000850,2.9044997614821364,-0.4182948478268951,0.6850331006733791,3.8819733145862676,0.4182948478268951,0.6850331006733941
ENSGACG00000013952,atp5f1b,0.8091048511309556,-0.41869046304231355,0.6871745895592074,1.0816899550711878,0.41869046304231355,0.6871745895592107
ENSGACG00000001123,ENSGACG00000001123,23.3325712887323,-0.41108063661167993,0.6922669536534444,31.029363555955577,0.41108063661167993,0.6922669536534449
ENSGACG00000007985,ctsc,3.8783471249296255,0.43188891609382596,0.6960746590354363,2.875148414929676,-0.43188891609382596,0.6960746590354355
ENSGACG00000008659,rab5c,1.039176290745425,0.42380725389290835,0.6991889898125545,0.7745230365318886,-0.42380725389290835,0.6991889898126047
ENSGACG00000001684,atp6ap2,0.8492760548731645,-0.4133947100745106,0.6995792615967477,1.1312330064484941,0.4133947100745106,0.699579261596747
ENSGACG00000016938,uqcr10,1.0708263300574683,-0.4111155755581326,0.6995792615967477,1.424087487923238,0.4111155755581326,0.699579261596747
ENSGACG00000019370,capgb,3.376004193284629,-0.40560433358770287,0.7013215144235422,4.472636582673486,0.40560433358770287,0.7013215144235422
ENSGACG00000020333,msna,2.579478203931537,-0.40653292561513266,0.7032791809444107,3.419571501731409,0.40653292561513266,0.703279180944438
ENSGACG00000008435,grinab,0.9689781266302517,-0.4068315839521331,0.7109659640750511,1.2848164657181436,0.4068315839521331,0.7109659640750506
ENSGACG00000004460,fam49bb,1.3090131643673335,-0.40130549061869525,0.7218691791615568,1.72905249306799,0.40130549061869525,0.7218691791615378
ENSGACG00000014702,COX5A,2.138406502236778,-0.3987280875364725,0.7218691791615568,2.8195501017173656,0.3987280875364725,0.7218691791615378
ENSGACG00000009889,psmb4,1.1373725665597134,-0.3991151006060272,0.7285433604562241,1.5000535000351076,0.3991151006060272,0.7285433604562697
ENSGACG00000001936,rnasekb,1.9059004442136904,-0.3968029988513482,0.7391213812305056,2.509630791434883,0.3968029988513482,0.7391213812305408
ENSGACG00000007843,ptprc,2.049137160587425,-0.39485040407288974,0.7437819280871509,2.694591516576826,0.39485040407288974,0.7437819280871509
ENSGACG00000001577,ENSGACG00000001577,1.6474251231653358,-0.3939778181656457,0.7445920841878878,2.1650313451882854,0.3939778181656457,0.7445920841878878
ENSGACG00000006096,DDX39A,1.517578808039004,-0.38998842812521417,0.7555317736075885,1.9888782736245298,0.38998842812521417,0.7555317736075994
ENSGACG00000004750,cfl1l,5.310714288666975,-0.3822488445287586,0.7719349367663269,6.922815712455601,0.3822488445287586,0.7719349367663269
ENSGACG00000002674,psmb2,0.9486896398917624,-0.3844900829131691,0.7761492833052558,1.2385762844326578,0.3844900829131691,0.7761492833051747
ENSGACG00000018502,sprb,3.9761376310091445,0.38882040472521906,0.7821743306817311,3.0369890494288767,-0.38882040472521906,0.782174330681752
ENSGACG00000017906,bdh2,1.0059031724943024,-0.37983103896233794,0.7902912640694661,1.30903751305816,0.37983103896233794,0.7902912640694877
ENSGACG00000013746,nop58,0.8768683968375101,-0.3791694811862054,0.8037215185260067,1.1405911383753184,0.3791694811862054,0.8037215185260086
ENSGACG00000005189,rplp2,20.315267540984163,0.3758690433023606,0.8164573178108874,15.65780614862334,-0.3758690433023606,0.8164573178108043
ENSGACG00000018609,clta,3.845885546148043,0.3773128074819081,0.8174344277284686,2.961023037317007,-0.3773128074819081,0.8174344277284818
ENSGACG00000015519,ifi30,3.805308572671064,0.38036307460374696,0.8180380228992258,2.923590509609709,-0.38036307460374696,0.8180380228992304
ENSGACG00000017044,anxa5b,2.9422363468157267,-0.36384552765674316,0.8332712237515237,3.7867405602721123,0.36384552765674316,0.833271223751537
ENSGACG00000000498,ctsz,1.902654286335532,0.38051688824437324,0.8400124988330491,1.4615200156305361,-0.38051688824437324,0.8400124988329178
ENSGACG00000017462,cyp2u1,0.9645146595477841,-0.365112658838786,0.8430714955835751,1.2424296328731148,0.365112658838786,0.8430714955835771
ENSGACG00000019847,cct7,2.8708208734962444,-0.3584566872018653,0.8471054299749409,3.6810487173338586,0.3584566872018653,0.8471054299749409
ENSGACG00000005841,ENSGACG00000005841,3.860493256599755,0.3694355706582195,0.8471054299749409,2.988546954748844,-0.3694355706582195,0.8471054299749409
ENSGACG00000015887,hexb,1.9793447662070218,0.369610384265858,0.8471054299749409,1.5319812442560383,-0.369610384265858,0.8471054299749409
ENSGACG00000004252,MYL12B,3.428348489069932,-0.355625274966195,0.848896836159316,4.387312438634792,0.355625274966195,0.8488968361593138
ENSGACG00000017611,arpc3,3.388177285327723,-0.35459714339784876,0.8503140459157819,4.332815082119755,0.35459714339784876,0.8503140459157815
ENSGACG00000015085,atp5pf,0.9892666133687411,-0.35515999084699457,0.8581215099771978,1.2655497235158577,0.35515999084699457,0.8581215099771972
ENSGACG00000007298,tspan36,3.176365483777894,-0.3493208292280392,0.8731220257245317,4.047116819177289,0.3493208292280392,0.8731220257245317
ENSGACG00000016584,UBL5,0.97222428450841,-0.34851098026670746,0.8773489390871919,1.238025806084021,0.34851098026670746,0.8773489390871911
ENSGACG00000019469,ENSGACG00000019469,0.8452183575254667,-0.3855012268955498,0.8829353097419428,1.104259567365294,0.3855012268955498,0.8829353097418743
ENSGACG00000013157,rbm8a,2.3477836853779888,-0.3434286317558233,0.8830341754117231,2.979188822822019,0.3434286317558233,0.8830341754117212
ENSGACG00000003568,ENSGACG00000003568,3.2031462862727,-0.3299316968125581,0.8864206357821471,4.02674912027773,0.3299316968125581,0.8864206357821471
ENSGACG00000000061,cnbpa,3.626364119637588,-0.33001723172565667,0.8864206357821471,4.559061683409454,0.33001723172565667,0.8864206357821471
ENSGACG00000001888,pbdc1,1.338228585270758,0.34411532901730957,0.8864206357821471,1.054166037639351,-0.34411532901730957,0.8864206357821471
ENSGACG00000017163,ENSGACG00000017163,12.759835079570728,0.3456053538377324,0.8864206357821471,10.042926992528626,-0.3456053538377324,0.8864206357821471
ENSGACG00000003288,rpl38,10.71759600447439,0.33509449556197346,0.8877611792731332,8.497183789556669,-0.33509449556197346,0.8877611792731341
ENSGACG00000014566,blvra,1.1239821653123105,-0.33117753641126435,0.8883863869424798,1.4141788776477766,0.33117753641126435,0.888386386942479
ENSGACG00000001929,COX5B,1.3301131905753623,-0.3268297395894717,0.8962624089959634,1.6684998747179491,0.3268297395894717,0.8962624089959634
ENSGACG00000002643,cct5,1.9744755293897844,0.331242905023173,0.9061698012494784,1.5694137719633365,-0.331242905023173,0.9061698012494789
ENSGACG00000001804,zgc:162944,0.9073011269452441,-0.32578902017776956,0.9068133171396189,1.1372882682834982,0.32578902017776956,0.9068133171396581
ENSGACG00000016267,ENSGACG00000016267,2.921136320607698,0.33059618944790725,0.9081988630916478,2.323018631247029,-0.33059618944790725,0.9081988630916723
ENSGACG00000012635,ENSGACG00000012635,1.1239821653123105,-0.3306160672308408,0.9081988630916478,1.4136283992991399,0.3306160672308408,0.9081988630916723
ENSGACG00000018676,atp5pd,1.6993636492158686,-0.3210631469940213,0.9107706823174908,2.1231949906918937,0.3210631469940213,0.9107706823174921
ENSGACG00000004803,sf3b6,1.3869209534431326,-0.319301482144698,0.9126929973408023,1.7307039281139003,0.319301482144698,0.9126929973408031
ENSGACG00000020940,ENSGACG00000020940,32.759819536638766,0.32537759546757083,0.9145089813240402,26.148822516942268,-0.32537759546757083,0.9145089813240486
ENSGACG00000017755,ran,2.7596399661693227,-0.31655845359891877,0.9190769117210194,3.4371868088877844,0.31655845359891877,0.919076911721109
ENSGACG00000000348,ENSGACG00000000348,1.8803369509231938,0.3254387507861888,0.9348257408388037,1.5006039783837444,-0.3254387507861888,0.9348257408388079
ENSGACG00000000683,atp6v1f,1.1759206913628433,-0.3135157010969687,0.9365374111464483,1.4615200156305361,0.3135157010969687,0.9365374111464492
ENSGACG00000011456,ada,1.723304063567286,-0.3116892293464848,0.9370615761182473,2.139158862802359,0.3116892293464848,0.9370615761181802
ENSGACG00000003574,rpl35,33.96860757651796,0.3164940718194602,0.9391425233146162,27.281156480088036,-0.3164940718194602,0.9391425233146162
ENSGACG00000020217,atp5l,1.7208694451586675,-0.3107560428122965,0.9404347719241265,2.134755036013265,0.3107560428122965,0.9404347719241269
ENSGACG00000004038,psma3,2.670776394254739,-0.3069946670136421,0.9503560105067256,3.304521526866331,0.3069946670136421,0.950356010506726
ENSGACG00000003641,ahcy,1.8998138981921435,-0.3079697577721867,0.9530768411284648,2.352193983724776,0.3079697577721867,0.9530768411284648
ENSGACG00000018050,ENSGACG00000018050,2.0759179630822313,0.3156884934142714,0.9618022208935098,1.6679493963693124,-0.3156884934142714,0.9618022208935512
ENSGACG00000000281,bcap31,0.8849837915329059,-0.30765800720833647,0.962398383962899,1.0954519137871062,0.30765800720833647,0.9623983839629245
ENSGACG00000010912,ENSGACG00000010912,3.0854730631894616,0.3127259416085819,0.963280967014695,2.484308787397593,-0.3127259416085819,0.9632809670146942
ENSGACG00000007305,syf2,0.9450377122788343,-0.306269699073952,0.9638125431998571,1.168665534155792,0.306269699073952,0.9638125431998508
ENSGACG00000020887,cdkn2aipnl,1.0842167313048714,-0.30468521828209116,0.9655300914849108,1.3393138222331804,0.30468521828209116,0.9655300914849108
ENSGACG00000007718,npc2,2.7101360585274086,-0.30308965495211004,0.9662290347914256,3.3441559679681756,0.30308965495211004,0.9662290347914256
ENSGACG00000011886,rap1aa,1.2250188292699875,-0.29996966642477485,0.9766689706306323,1.5083106752646587,0.29996966642477485,0.9766689706305028
ENSGACG00000010864,bin2b,1.3528362957224704,0.30800525073213236,0.9780868138100248,1.0926995220439224,-0.30800525073213236,0.978086813810038
ENSGACG00000014538,eif3d,1.3163170195931895,-0.2983946561797701,0.9795392661654275,1.6189568233406428,0.2983946561797701,0.9795392661654946
ENSGACG00000003825,ENSGACG00000003825,3.2692867530401752,0.30727098167856326,0.9828005429639256,2.6422960734563365,-0.30727098167856326,0.9828005429639239
ENSGACG00000015963,cox4i1,5.0993082568519155,-0.294023636909289,0.9836070881429592,6.252883562164692,0.294023636909289,0.9836070881429304
ENSGACG00000020938,mt-co2,130.4452312548521,0.3016609154852823,0.9849188511382215,105.84762831091766,-0.3016609154852823,0.9849188511382205
ENSGACG00000002136,zgc:171480,2.1071622326595048,0.3019722964796653,0.9868723271284235,1.7092352725170676,-0.3019722964796653,0.9868723271284231
ENSGACG00000001933,ENSGACG00000001933,0.8642895350596467,-0.2968861421841804,0.9877820671006777,1.0618727345202652,0.2968861421841804,0.9877820671006777
ENSGACG00000002641,ppt1,1.2079765004096563,0.3050841847419807,0.9884209683687953,0.9776495471788444,-0.3050841847419807,0.9884209683688204
ENSGACG00000001206,ENSGACG00000001206,0.9953531593902879,-0.2919873375909164,0.9991086503807343,1.2187590638817352,0.2919873375909164,0.9991086503807338
ENSGACG00000003653,zgc:64051,5.196692993196664,-0.13281955445185556,1,5.698551865087499,0.13281955445185556,1
ENSGACG00000004055,rpl6,24.13640113331125,0.10751520109568702,1,22.406120224561096,-0.10751520109568702,1
ENSGACG00000005077,zgc:86811,1.433584472941658,-0.007529907610420272,1,1.4411523167309768,0.007529907610420272,1
ENSGACG00000005772,zgc:152830,3.6600430076234804,0.278506007186919,1,3.017722307226591,-0.278506007186919,1
ENSGACG00000006313,ostf1,1.3195631774713479,-0.2079310417068596,1,1.524274547375124,0.2079310417068596,1
ENSGACG00000008530,tcn2,2.6135628616521993,0.2173566945383283,1,2.2481535758324327,-0.2173566945383283,1
ENSGACG00000010148,ENSGACG00000010148,1.576415419580623,-0.16050329474235348,1,1.7620811939861942,0.16050329474235348,1
ENSGACG00000010223,cox7c,1.35364783519201,-0.11864417726423149,1,1.4697771908600872,0.11864417726423149,1
ENSGACG00000014266,xbp1,1.2420611581303185,-0.11458589013038278,1,1.344818605719548,0.11458589013038278,1
ENSGACG00000001108,ENSGACG00000001108,15.488230776162776,0.1251222836826007,1,14.203442351525082,-0.1251222836826007,1
ENSGACG00000001072,si:ch211-191j22.3,1.2270476779438364,0.025529770247655903,1,1.2055475835144536,-0.025529770247655903,1
ENSGACG00000001066,ENSGACG00000001066,1.9318697072389568,-0.21398582861680204,1,2.2409973573001554,0.21398582861680204,1
ENSGACG00000002408,aprt,2.9024709128082877,0.20295677187910965,1,2.521741315104891,-0.20295677187910965,1
ENSGACG00000004340,irf2bp2a,1.0850282707744108,0.20319785228043172,1,0.9424189328660934,-0.20319785228043172,1
ENSGACG00000005108,psap,10.422195637561984,-0.2512571545419089,1,12.406681021574773,0.2512571545419089,1
ENSGACG00000008736,rps24,34.940831861026375,0.054076341943247286,1,33.66009958409054,-0.054076341943247286,1
ENSGACG00000010363,sf3b5,1.0614936261577632,-0.22502939690614931,1,1.2407781978272046,0.22502939690614931,1
ENSGACG00000011558,rps27a,57.1542902212636,0.1946320225150613,1,49.94820344190295,-0.1946320225150613,1
ENSGACG00000012047,pno1,1.0513493827885185,-0.18344521225865806,1,1.193987538193082,0.18344521225865806,1
ENSGACG00000003218,ctsa,2.539712769924098,0.04123878420191618,1,2.4683449152871275,-0.04123878420191618,1
ENSGACG00000003522,ENSGACG00000003522,0.9888608436339713,-0.01726330484271541,1,1.0007696378215873,0.01726330484271541,1
ENSGACG00000003551,ENSGACG00000003551,21.00953955717527,0.1983448499963938,1,18.31331370244696,-0.1983448499963938,1
ENSGACG00000003555,ENSGACG00000003555,14.466096814277682,-0.005222751386724234,1,14.520517880339842,0.005222751386724234,1
ENSGACG00000003603,romo1,1.6786693927426095,0.1434044377905178,1,1.5198707205860302,-0.1434044377905178,1
ENSGACG00000003895,rps23,29.214203594220365,-0.040627886840399086,1,30.052814965474006,0.040627886840399086,1
ENSGACG00000004372,rpl22,16.484801244757374,0.20239221345829783,1,14.328951415014258,-0.20239221345829783,1
ENSGACG00000004926,rps10,34.193404009580426,0.005736235160710201,1,34.062499256943994,-0.005736235160710201,1
ENSGACG00000007041,rpl29,16.755043888114052,0.21750604192688705,1,14.412073645658404,-0.21750604192688705,1
ENSGACG00000001473,ENSGACG00000001473,1.2294822963524552,-0.23068972124886633,1,1.442803751776887,0.23068972124886633,1
ENSGACG00000000741,rps26,27.135039473259976,0.03032338162111703,1,26.574342280438465,-0.03032338162111703,1
ENSGACG00000008033,krt18b,7.365126455806407,0.24692930509672317,1,6.207193859227844,-0.24692930509672317,1
ENSGACG00000008496,rplp0,22.409850911865806,0.00012058518082991299,1,22.411074529698826,-0.00012058518082991299,1
ENSGACG00000008815,nop56,1.9067119836832298,-0.11443039402054878,1,2.0642938073877626,0.11443039402054878,1
ENSGACG00000009846,arpc4,4.230961024444571,-0.25356018570313266,1,5.044583586907056,0.25356018570313266,1
ENSGACG00000010458,BRK1,2.3250605802308804,-0.20938755375138296,1,2.6885362547418223,0.20938755375138296,1
ENSGACG00000010643,ENSGACG00000010643,2.830649669754035,-0.09873761364215716,1,3.031484265942509,0.09873761364215716,1
ENSGACG00000011387,ENSGACG00000011387,1.0416109091540438,0.19574259001854832,1,0.9093902319478891,-0.19574259001854832,1
ENSGACG00000002813,glud1b,3.101703852580253,-0.15698256685747003,1,3.458655464484617,0.15698256685747003,1
ENSGACG00000002233,COMTD1,1.1414302639074112,0.1428413740050365,1,1.0337983387397915,-0.1428413740050365,1
ENSGACG00000006059,RPL19,13.888686481700276,0.033171954823146166,1,13.574796077381928,-0.033171954823146166,1
ENSGACG00000006492,cpn1,0.977905060795187,-0.1150426826785408,1,1.0591203427770814,0.1150426826785408,1
ENSGACG00000008293,ATP6V0C,2.1461161271974043,-0.28447567891572545,1,2.6142216776758627,0.28447567891572545,1
ENSGACG00000016153,rpl9,32.760631076108304,0.11022804132520925,1,30.355027578875575,-0.11022804132520925,1
ENSGACG00000016266,tmem176,4.090564696214225,0.26909130128288905,1,3.3947999760427554,-0.26909130128288905,1
ENSGACG00000016427,spcs3,1.3037381578153262,-0.1916077981128842,1,1.4890439330623728,0.1916077981128842,1
ENSGACG00000019181,rps15a,42.994549556737105,0.11082474236967155,1,39.8210532620329,-0.11082474236967155,1
ENSGACG00000019097,prdx2,4.9706792509298925,0.11738816404266306,1,4.582732252400834,-0.11738816404266306,1
ENSGACG00000018430,ENSGACG00000018430,8.429460470107559,0.052655825013125046,1,8.128363295970054,-0.052655825013125046,1
ENSGACG00000018429,ENSGACG00000018429,9.421161701884918,0.2918160327740851,1,7.696788270638853,-0.2918160327740851,1
ENSGACG00000017932,suclg1,0.9044607388018556,-0.2298772292337355,1,1.0607717778229917,0.2298772292337355,1
ENSGACG00000017861,rps6,28.280527434515086,0.09497385935008396,1,26.48241239621613,-0.09497385935008396,1
ENSGACG00000017164,rps3a,34.320004166828596,-0.0030614361119774003,1,34.39774057126377,0.0030614361119774003,1
ENSGACG00000016899,asah1b,1.1053167575129001,0.005719174834469154,1,1.1009566972734735,-0.005719174834469154,1
ENSGACG00000016657,arpc1b,7.193080088264017,-0.09436144700802007,1,7.680273920179751,0.09436144700802007,1
ENSGACG00000016593,actb1,2.7981880909724524,0.08914246075978438,1,2.6307360281349648,-0.08914246075978438,1
ENSGACG00000019606,mdh1aa,2.432995329679644,-0.12640283056140866,1,2.656058032172255,0.12640283056140866,1
ENSGACG00000019739,cct4,2.5048165727338962,-0.09664317947481837,1,2.678627644466361,0.09664317947481837,1
ENSGACG00000020004,eif4a3,0.97222428450841,-0.134642631236798,1,1.0673775180066325,0.134642631236798,1
ENSGACG00000019944,capn2b,1.061899395892533,-0.2295873751330928,1,1.2451820246162986,0.2295873751330928,1
ENSGACG00000004700,vps29,1.7602291094313367,-0.2427466018677924,1,2.0830100712414117,0.2427466018677924,1
ENSGACG00000007324,ENSGACG00000007324,1.733042537201761,-0.06999096541620087,1,1.819330942244415,0.06999096541620087,1
ENSGACG00000009279,znf593,1.0115839487810794,-0.21491459880619568,1,1.1741703176421594,0.21491459880619568,1
ENSGACG00000009305,atp5if1b,4.128707051282585,0.09828000787174118,1,3.8572017888976142,-0.09828000787174118,1
ENSGACG00000009310,rpl13a,43.11628047716805,0.07956189186166895,1,40.80861141948721,-0.07956189186166895,1
ENSGACG00000009620,ctsl.1,3.3796561208975575,-0.28395892526316735,1,4.115376134408244,0.28395892526316735,1
ENSGACG00000011212,ENSGACG00000011212,4.76698284407546,0.015860087597382222,1,4.715397534422287,-0.015860087597382222,1
ENSGACG00000012607,ENSGACG00000012607,2.205764278208563,0.22773364797682283,1,1.8837369090349132,-0.22773364797682283,1
ENSGACG00000001954,ENSGACG00000001954,2.762480354312711,-0.2493787315147793,1,3.2841538279667715,0.2493787315147793,1
ENSGACG00000002088,rpl36,24.180224264666386,0.25301188855208334,1,20.2933843224933,-0.25301188855208334,1
ENSGACG00000003386,akr1a1b,0.9641088898130143,-0.11211031533739108,1,1.0420555139693426,0.11211031533739108,1
ENSGACG00000004230,RPL5,19.722437958485504,0.02365434107511888,1,19.40436178944497,-0.02365434107511888,1
ENSGACG00000006229,fkbp2,2.5652762632145945,-0.24726859208026952,1,3.0452462246584275,0.24726859208026952,1
ENSGACG00000008021,uba52,23.339469374223388,-0.06240743415369465,1,24.374630799286066,0.06240743415369465,1
ENSGACG00000012643,oaz1a,1.8543676878979274,0.1591011252659107,1,1.6607931778370348,-0.1591011252659107,1
ENSGACG00000012970,bsg,1.037147442071576,0.02321708592204219,1,1.02058685837251,-0.02321708592204219,1
ENSGACG00000013005,atp5f1d,1.5151441896303852,-0.21045391166015148,1,1.7532735404080064,0.21045391166015148,1
ENSGACG00000013244,ENSGACG00000013244,1.7963426158258478,0.14465797783615708,1,1.6250120851756469,-0.14465797783615708,1
ENSGACG00000014467,serbp1a,4.9365945932092306,0.1715924746390951,1,4.383459090194335,-0.1715924746390951,1
ENSGACG00000000151,ENSGACG00000000151,2.7555822688216245,0.1464216417517772,1,2.4898135708839604,-0.1464216417517772,1
ENSGACG00000001834,ENSGACG00000001834,1.7582002607574878,-0.22754070026859374,1,2.0587890239013955,0.22754070026859374,1
ENSGACG00000002010,ak2,2.329118277578578,0.1854081124006779,1,2.0483299352772972,-0.1854081124006779,1
ENSGACG00000002118,rpl11,22.236993004853876,0.08438294741506347,1,20.97652795315149,-0.08438294741506347,1
ENSGACG00000002182,ENSGACG00000002182,44.7271863242041,0.04381636010111567,1,43.39530917973123,-0.04381636010111567,1
ENSGACG00000002835,rps5,32.74561759592182,-0.05777459789797046,1,34.08837173932992,0.05777459789797046,1
ENSGACG00000003336,ENSGACG00000003336,34.036776891959285,-0.034075899867676895,1,34.855188078980895,0.034075899867676895,1
ENSGACG00000003403,ENSGACG00000003403,4.9593176983563385,-0.010504928181994,1,4.996141492227022,0.010504928181994,1
ENSGACG00000003628,rpl30,28.89973204977378,0.07788879055175979,1,27.384646409631742,-0.07788879055175979,1
ENSGACG00000003771,pabpc1b,1.3467497497009235,-0.0698395364779707,1,1.4136283992991399,0.0698395364779707,1
ENSGACG00000003995,rplp1,40.63012931223356,0.008274556717596582,1,40.403459354890565,-0.008274556717596582,1
ENSGACG00000004084,cndp2,3.436058114030558,0.19030751147351044,1,3.0116670453915866,-0.19030751147351044,1
ENSGACG00000005947,sla1,1.0663628629750006,-0.0766969421310163,1,1.124627266264853,0.0766969421310163,1
ENSGACG00000007476,fuca1.2,2.816041959302323,0.22604462420135163,1,2.4077922969370866,-0.22604462420135163,1
ENSGACG00000007961,rpl15,19.81333037907394,0.07079522415943451,1,18.867094921175514,-0.07079522415943451,1
ENSGACG00000008265,rpl14,24.34902447433062,0.22279855921016622,1,20.867533240121418,-0.22279855921016622,1
ENSGACG00000009137,eif3i,1.83042727354651,-0.16638432871571718,1,2.0543851971123015,0.16638432871571718,1
ENSGACG00000009814,rps18,38.51322860593958,-0.01633808943631543,1,38.95735273302186,0.01633808943631543,1
ENSGACG00000010080,cct3,2.342914448560751,-0.06380027736178118,1,2.4490781730848417,0.06380027736178118,1
ENSGACG00000002699,ENSGACG00000002699,28.11821954060717,0.04630646197199617,1,27.233815342105277,-0.04630646197199617,1
ENSGACG00000015245,naca,15.450088421094415,0.07318304917575924,1,14.68786329832541,-0.07318304917575924,1
ENSGACG00000011650,tegt,1.8077041683994017,-0.10209912979159086,1,1.940436178944497,0.10209912979159086,1
ENSGACG00000011378,atp6ap1b,1.406803670446852,-0.1727823247643535,1,1.5859281224224386,0.1727823247643535,1
ENSGACG00000011139,pfdn4,0.9125761334972513,-0.17524178595008702,1,1.0304954686479713,0.17524178595008702,1
ENSGACG00000010752,cd63,3.709952685000164,-0.27979662934229155,1,4.504564326894417,0.27979662934229155,1
ENSGACG00000010457,ENSGACG00000010457,5.2388930456127225,0.13996036667206324,1,4.755031975524132,-0.13996036667206324,1
ENSGACG00000009706,csrp1a,1.132503329742476,0.05598262343123939,1,1.0893966519521021,-0.05598262343123939,1
ENSGACG00000009444,copz1,1.138184106029253,-0.009963718232188223,1,1.146095921861686,0.009963718232188223,1
ENSGACG00000009435,ENSGACG00000009435,1.418570992755176,0.18170422406842746,1,1.2506868081026659,-0.18170422406842746,1
ENSGACG00000009225,ENSGACG00000009225,7.39718226485322,0.27458914348282004,1,6.115814453354146,-0.27458914348282004,1
ENSGACG00000009161,pa2g4b,1.1150552311473751,-0.2801536387566478,1,1.3541767376463725,0.2801536387566478,1
ENSGACG00000008944,ENSGACG00000008944,1.498507630504824,-0.2625984762670659,1,1.7978622866475822,0.2625984762670659,1
ENSGACG00000008262,fance,27.858121140619737,0.07509353837979571,1,26.44883321694929,-0.07509353837979571,1
ENSGACG00000007599,atp5pb,1.7220867543629768,-0.288001591728551,1,2.1028272917923343,0.288001591728551,1
ENSGACG00000007396,eno1a,2.5348435331068604,-0.13698370335796217,1,2.787622357496435,0.13698370335796217,1
ENSGACG00000006447,ybx1,10.476163012286365,0.17818223622116358,1,9.260146780767185,-0.17818223622116358,1
ENSGACG00000003794,krt8,7.07175493756785,-0.012503124511971109,1,7.134199398332108,0.012503124511971109,1
ENSGACG00000013304,ENSGACG00000013304,7.51120356032353,0.002282769868005019,1,7.500267500175538,-0.002282769868005019,1
ENSGACG00000013164,ENSGACG00000013164,1.0233512710894033,-0.10611765567113396,1,1.1015071756221102,0.10611765567113396,1
ENSGACG00000013073,rpl10,25.312727594408862,0.053834961382873914,1,24.38894323635062,-0.053834961382873914,1
ENSGACG00000012484,zgc:171772,34.98790115025967,0.07645292892087863,1,33.18668820426295,-0.07645292892087863,1
ENSGACG00000015206,cirbpa,1.2797977434639087,-0.16733077948796016,1,1.4372989682905197,0.16733077948796016,1
ENSGACG00000015549,rps15,7.522970882631854,0.12390570475424045,1,6.904649926950589,-0.12390570475424045,1
ENSGACG00000015568,rps28,19.44732607831159,0.22206839149550106,1,16.67509013690403,-0.22206839149550106,1
ENSGACG00000015670,RPL5,1.2737111974423618,-0.23000352672417546,1,1.4939982382001036,0.23000352672417546,1
ENSGACG00000016489,rps8a,36.91652469962047,0.018009094328848008,1,36.463685813697445,-0.018009094328848008,1
ENSGACG00000016890,klf2b,2.300714396144693,-0.1381601879503398,1,2.532200403728989,0.1381601879503398,1
ENSGACG00000017028,ENSGACG00000017028,9.146455591445772,-0.045829491893530694,1,9.442905592514583,0.045829491893530694,1
ENSGACG00000017191,eef1da,3.703866138978617,-0.048653628192373066,1,3.831329306511688,0.048653628192373066,1
ENSGACG00000017481,gtpbp4,3.1694673982868076,0.22985923888004112,1,2.7028486918063774,-0.22985923888004112,1
ENSGACG00000017667,eif3f,2.7214976111009626,-0.07881190261935189,1,2.8745979365810395,0.07881190261935189,1
ENSGACG00000017701,ENSGACG00000017701,1.7845752935175239,0.0018112453034964116,1,1.7824488928857536,-0.0018112453034964116,1
ENSGACG00000001512,DBI,2.347377915643219,0.014140600759705357,1,2.3246700662929394,-0.014140600759705357,1
ENSGACG00000001519,itgb2,2.4601819019092197,0.06858481039571407,1,2.346138721889772,-0.06858481039571407,1
ENSGACG00000002035,rpl8,42.82331472866426,0.07541945748007972,1,40.64787174168528,-0.07541945748007972,1
ENSGACG00000003250,rpl24,13.585982259562014,0.096594682088889,1,12.707792678279068,-0.096594682088889,1
ENSGACG00000004470,nfe2l2a,1.2205553621875198,0.2603841202616596,1,1.0189354233265997,-0.2603841202616596,1
ENSGACG00000006417,tuba8l3,0.8561741403642509,-0.23530881256122876,1,1.007925856353865,0.23530881256122876,1
ENSGACG00000006855,tpt1,11.395231461539932,-0.19811645312831194,1,13.074411258471134,0.19811645312831194,1
ENSGACG00000007146,dars,1.0253801197632522,0.2799419201081203,1,0.8444337868087541,-0.2799419201081203,1
ENSGACG00000007959,lcp1,10.251366579223903,0.010969248619268956,1,10.175041796201443,-0.010969248619268956,1
ENSGACG00000007989,itm2bb,13.933726922259721,0.10569546219099157,1,12.951104108376505,-0.10569546219099157,1
ENSGACG00000000825,PDCL3,3.1142827143581164,0.15940699486139742,1,2.7887233141937084,-0.15940699486139742,1
ENSGACG00000001147,psmb6,1.6429616560828681,-0.17378611821848766,1,1.8534605998598925,0.17378611821848766,1
ENSGACG00000018720,rps4x,16.31884142323653,0.07889359901430515,1,15.452477724581836,-0.07889359901430515,1
ENSGACG00000019258,fis1,1.0984186720218139,-0.20171079091213207,1,1.263347810121311,0.20171079091213207,1
ENSGACG00000019396,gabarapb,2.0045024897627486,0.18016843042076025,1,1.769237412518472,-0.18016843042076025,1
ENSGACG00000019593,rpl34,37.89564706961996,0.23395256967748512,1,32.22720444258912,-0.23395256967748512,1
ENSGACG00000020072,eif4a1b,5.389027847477544,-0.1352168608623927,1,5.91929368289083,0.1352168608623927,1
ENSGACG00000020117,hspa8,1.006714711963842,-0.22322441936863802,1,1.175271274339433,0.22322441936863802,1
ENSGACG00000020257,ubb,6.188799994708794,-0.07402635110551747,1,6.515461734464417,0.07402635110551747,1
ENSGACG00000020296,mpp1,1.3646036180307943,-0.26591843983973895,1,1.6409759572861122,0.26591843983973895,1
ENSGACG00000020358,tagln2,2.70688990064925,-0.23376415131789496,1,3.1834162901662486,0.23376415131789496,1
ENSGACG00000020494,cct6a,1.2635669540731171,-0.24895611917421712,1,1.5017049350810179,0.24895611917421712,1
ENSGACG00000020581,sod1,1.380428637686816,-0.28087163933975434,1,1.677307528296137,0.28087163933975434,1
ENSGACG00000020617,cct8,1.530969209286407,-0.01120781422161865,1,1.5429908112287731,0.01120781422161865,1
ENSGACG00000020625,rpl23a,28.779624208281923,0.005651089942170451,1,28.671114310395797,-0.005651089942170451,1
ENSGACG00000020692,ENSGACG00000020692,19.230239270209754,-0.23037869392609966,1,22.563006553922566,0.23037869392609966,1
ENSGACG00000020827,ncf1,1.7334483069365307,-0.26942656974941825,1,2.0896158114250527,0.26942656974941825,1
ENSGACG00000020896,rhogb,5.151652552637218,0.10111407255222815,1,4.803474070204165,-0.10111407255222815,1
ENSGACG00000020906,rps14,49.58871351648092,0.14555984880206818,1,44.83591101811357,-0.14555984880206818,1
ENSGACG00000020909,ndufa2,1.2822323618725275,0.038508538420720106,1,1.2484848947081189,-0.038508538420720106,1
ENSGACG00000016356,gm2a,1.326867032697204,0.022595936629430602,1,1.3062851213149762,-0.022595936629430602,1
ENSGACG00000016901,ENSGACG00000016901,1.771184892270121,0.2046806688994003,1,1.536935549393769,-0.2046806688994003,1
ENSGACG00000016924,fermt3b,0.8715933902855029,-0.20404686903839922,1,1.0040725079134079,0.20404686903839922,1
ENSGACG00000017434,ndufa1,1.3524305259877005,-0.23063294806584655,1,1.5870290791197121,0.23063294806584655,1
ENSGACG00000017440,rpl39,35.108414761486294,0.2545817796545169,1,29.43297634490904,-0.2545817796545169,1
ENSGACG00000017482,rpl36a,32.939169759407015,0.041692209738302566,1,32.00536166808851,-0.041692209738302566,1
ENSGACG00000017702,eef1g,13.177372136648838,0.024995429701511362,1,12.952755543422416,-0.024995429701511362,1
ENSGACG00000018103,rack1,20.211390488883097,-0.10903409039850853,1,21.801144519409323,0.10903409039850853,1
ENSGACG00000018138,ENSGACG00000018138,1.1195186982298428,-0.28140986053584716,1,1.3607824778300133,0.28140986053584716,1
ENSGACG00000018149,atp5po,1.8231234183206537,-0.2836691690374098,1,2.2195287017033225,0.2836691690374098,1
ENSGACG00000018200,gnpda1,1.7590118002270274,0.2564707529009699,1,1.4725295826032707,-0.2564707529009699,1
ENSGACG00000018439,rpl26,33.34250487576818,-0.03085201771436097,1,34.06800404043037,0.03085201771436097,1
ENSGACG00000018552,sh3bgrl,1.660409754677969,0.008861256762903613,1,1.6503340892129368,-0.008861256762903613,1
ENSGACG00000019348,gdi2,1.1385898757640227,-0.09156547974379936,1,1.2132542803953679,0.09156547974379936,1
ENSGACG00000019287,ENSGACG00000019287,4.582763384489977,0.02164484934536448,1,4.515023415518515,-0.02164484934536448,1
ENSGACG00000019282,ENSGACG00000019282,28.765422267564983,0.18973503002683678,1,25.22401889123255,-0.18973503002683678,1
ENSGACG00000019805,btg1,1.9355216348518849,0.231438174714113,1,1.6486826541670265,-0.231438174714113,1
ENSGACG00000020009,rps16,23.10534023726122,0.025763234425491,1,22.699525184384477,-0.025763234425491,1
ENSGACG00000020109,atp5f1c,2.701614894097243,-0.2807906052777258,1,3.282502392920861,0.2807906052777258,1
ENSGACG00000000684,lamtor4,2.09661221955549,0.1461240013125683,1,1.8947464760076478,-0.1461240013125683,1
ENSGACG00000000590,rpl18a,26.453752088581506,0.12223793425822738,1,24.30802291910102,-0.12223793425822738,1
ENSGACG00000005112,calm1b,1.0911148167959577,-0.23810157671988197,1,1.2870183791126906,0.23810157671988197,1
ENSGACG00000008522,atp6v1d,1.0412051394192738,-0.043206715872995405,1,1.072882301493,0.043206715872995405,1
ENSGACG00000008921,snx3,2.0462967724440366,0.06449706368700892,1,1.9569505294035991,-0.06449706368700892,1
ENSGACG00000009066,tcp1,2.0426448448311088,-0.2596829263063858,1,2.445775302993021,0.2596829263063858,1
ENSGACG00000009220,erh,1.3873267231779023,-0.18988323847747846,1,1.5826252523306181,0.18988323847747846,1
ENSGACG00000009681,laptm4a,1.002657014616144,-0.05785682331854214,1,1.0437069490152528,0.05785682331854214,1
ENSGACG00000010476,fosab,4.923609961696598,-0.10234908800336084,1,5.286243581958583,0.10234908800336084,1
ENSGACG00000010916,rps12,35.432624779567355,0.16298385140271154,1,31.651954568263726,-0.16298385140271154,1
ENSGACG00000011913,rps7,40.50920993127216,0.07810138909037878,1,38.37990094530192,-0.07810138909037878,1
ENSGACG00000012791,faua,27.85203459459819,0.03676015032686575,1,27.155096938250225,-0.03676015032686575,1
ENSGACG00000012834,fkbp3,0.9004030414541577,-0.16974583792387926,1,1.0128801614915957,0.16974583792387926,1
ENSGACG00000012858,rps29,15.585209742772756,0.2470115692855348,1,13.134413398472539,-0.2470115692855348,1
ENSGACG00000013530,hsp90ab1,19.364954822153322,-0.17921591132043524,1,21.929405974641682,0.17921591132043524,1
ENSGACG00000020925,mt-nd1,9.680854332137582,0.20941300871033874,1,8.37387663946204,-0.20941300871033874,1
ENSGACG00000020929,mt-nd2,9.186626795187982,-0.0963981091566648,1,9.82273565307393,0.0963981091566648,1
ENSGACG00000020935,mt-co1,30.077275820075705,0.14344460457441244,1,27.234365820453913,-0.14344460457441244,1
ENSGACG00000020942,mt-co3,53.37170475373964,0.1898874754348645,1,46.79616441760899,-0.1898874754348645,1
ENSGACG00000020944,mt-nd3,1.1454879612551092,0.11007105741063583,1,1.0613222561716285,-0.11007105741063583,1
ENSGACG00000020946,mt-nd4l,7.925088689788713,0.22057851672302053,1,6.802260954104156,-0.22057851672302053,1
ENSGACG00000020951,mt-nd5,1.9456658782211294,0.05436097270334905,1,1.873828298759452,-0.05436097270334905,1
ENSGACG00000020954,mt-cyb,29.239767087510863,0.017964986863514554,1,28.881947517923667,-0.017964986863514554,1
ENSGACG00000001884,ENSGACG00000001884,2.460993441378759,0.07414584400857649,1,2.337881546660221,-0.07414584400857649,1
ENSGACG00000001940,RPS20,38.139920449951376,0.04439277209658421,1,36.989392636645526,-0.04439277209658421,1
ENSGACG00000001966,ncf2,2.3498125340518374,0.0369687495364297,1,2.2905404086774617,-0.0369687495364297,1
ENSGACG00000002767,rpl7,39.795055198077335,-0.12494613832435153,1,43.40136444156624,0.12494613832435153,1
ENSGACG00000003110,rpl21,28.890399345874076,0.10956224044426133,1,26.78132213952588,-0.10956224044426133,1
ENSGACG00000003266,ENSGACG00000003266,11.510875835949323,0.15215612548835988,1,10.360002521343386,-0.15215612548835988,1
ENSGACG00000004882,ENSGACG00000004882,1.1527918164809654,0.011895012527127657,1,1.1433435301185022,-0.011895012527127657,1
ENSGACG00000012539,rpl22l1,5.087135164808822,0.13459920867052189,1,4.6344772171726865,-0.13459920867052189,1
ENSGACG00000012678,eif2s3,0.928401153153273,-0.256594063755671,1,1.1092138725030245,0.256594063755671,1
ENSGACG00000012745,sat1b,0.9568050345871582,-0.22666926372558766,1,1.1196729611271226,0.22666926372558766,1
ENSGACG00000013435,rpl17,46.704096472002504,0.05261193615301085,1,45.03793657206325,-0.05261193615301085,1
ENSGACG00000001681,psme2,1.321186256410427,-0.22632879254193605,1,1.5457432029719569,0.22632879254193605,1
ENSGACG00000001413,PHB2,1.8004003131735458,-0.24559099614584012,1,2.134755036013265,0.24559099614584012,1
ENSGACG00000014681,CCT2,2.6801090981544444,-0.08005097174661757,1,2.833312060433284,0.08005097174661757,1
ENSGACG00000001945,vbp1,1.1434591125812603,-0.21066930389842364,1,1.323349950122715,0.21066930389842364,1
ENSGACG00000001751,ENSGACG00000001751,1.382457486360665,0.2991265815365959,1,1.1235263095675796,-0.2991265815365959,1
ENSGACG00000003476,rps19,32.62064051761273,0.0659677316366416,1,31.166983143114763,-0.0659677316366416,1
ENSGACG00000014009,si:ch211-79k12.1,1.6007616036668104,-0.12117453156067415,1,1.7411630167379983,0.12117453156067415,1
ENSGACG00000014000,taf12,1.0128012579853887,-0.10293293761243671,1,1.0877452169061919,0.10293293761243671,1
ENSGACG00000013795,csf3r,10.040772086878384,0.17816976740081314,1,8.875362415070107,-0.17816976740081314,1
ENSGACG00000013470,CTSS,9.672333167707416,0.18574709802073786,1,8.504890486437583,-0.18574709802073786,1
ENSGACG00000013402,ctsk,1.986242851698108,0.04237322598322535,1,1.9288761336231255,-0.04237322598322535,1
ENSGACG00000011547,rpl18,29.36068646847226,0.019827587821216852,1,28.963968791870542,-0.019827587821216852,1
ENSGACG00000010761,rps9,36.95953629150606,-0.01710257406612392,1,37.4055542682149,0.01710257406612392,1
ENSGACG00000010464,zgc:92606,1.675829004599221,0.22262536558743262,1,1.4361980115932462,-0.22262536558743262,1
ENSGACG00000008819,ENSGACG00000008819,11.769351156997677,0.23370721222800706,1,10.010448769959059,-0.23370721222800706,1
ENSGACG00000008182,cpvl,1.7780829777612073,0.005938464989767245,1,1.770888847564382,-0.005938464989767245,1
ENSGACG00000007723,si:dkey-262k9.4,2.951163280980662,-0.2463205485390756,1,3.501042297329646,0.2463205485390756,1
ENSGACG00000006293,eif3ha,1.4141075256727083,-0.1174738795541791,1,1.5341831576505853,0.1174738795541791,1
ENSGACG00000003679,id4,1.1454879612551092,-0.26458085672123066,1,1.3761958715918419,0.26458085672123066,1
ENSGACG00000003572,pabpc1a,2.9471055836329643,-0.16833579185386305,1,3.312228223747245,0.16833579185386305,1
ENSGACG00000004699,rpl35a,27.95063664014725,0.17731631057310082,1,24.72143215892721,-0.17731631057310082,1
ENSGACG00000004639,polr2d,1.060276316953454,-0.17589815420421462,1,1.1978408866335393,0.17589815420421462,1
ENSGACG00000004619,spcs2,1.7707791225353513,-0.09917553266190793,1,1.8969483894021948,0.09917553266190793,1
ENSGACG00000004504,eif4h,1.637686649530861,-0.0941973910444236,1,1.7483192352702759,0.0941973910444236,1
ENSGACG00000005779,ENSGACG00000005779,1.8953504311096758,0.10165108905891074,1,1.7664850207752882,-0.10165108905891074,1
ENSGACG00000006818,rps25,35.8846522641009,0.09064263989235588,1,33.70413785198148,-0.09064263989235588,1
ENSGACG00000011976,ENSGACG00000011976,1.9452601084863597,0.10582155688436035,1,1.8077708969230435,-0.10582155688436035,1
ENSGACG00000013152,eif3k,1.4461633347195215,-0.1568144757898008,1,1.6123510831570018,0.1568144757898008,1
ENSGACG00000013384,rps3,23.93148741725251,0.1305924958482283,1,21.863348572805272,-0.1305924958482283,1
ENSGACG00000013667,lgals9l6,3.027853760852152,-0.21067396590957999,1,3.5043451674214663,0.21067396590957999,1
ENSGACG00000015169,rpl31,41.86326353619894,0.18682654881441962,1,36.783513734255386,-0.18682654881441962,1
ENSGACG00000014576,ENSGACG00000014576,16.135027733385815,0.21969150488282763,1,13.85774194858121,-0.21969150488282763,1
ENSGACG00000014503,arpc2,2.753147650413006,-0.13589893713822576,1,3.0254290041075054,0.13589893713822576,1
ENSGACG00000013901,zgc:92027,1.813384944686179,-0.16823560591239073,1,2.0378708466531994,0.16823560591239073,1
ENSGACG00000014899,gpd1c,1.031466665784799,-0.15056139085666942,1,1.1449949651644125,0.15056139085666942,1
ENSGACG00000015537,cybb,4.185514814150355,-0.16199370725216466,1,4.6834697902013565,0.16199370725216466,1
ENSGACG00000015402,eef1b2,14.227098440498278,0.18439384155183314,1,12.521730996439851,-0.18439384155183314,1
ENSGACG00000015453,xdh,1.0318724355195688,0.1971100345311657,1,0.9000321000210646,-0.1971100345311657,1
ENSGACG00000015475,atp6v1g1,5.008821605998253,-0.26761022248667476,1,6.030490309315451,0.26761022248667476,1
ENSGACG00000000860,ENSGACG00000000860,19.911120885153455,-0.13506506780701155,1,21.868302877943005,0.13506506780701155,1
ENSGACG00000015834,btf3,4.414774714295285,0.015329552735947605,1,4.368596174781143,-0.015329552735947605,1
ENSGACG00000015892,nsa2,3.456346600769047,0.24079851054142454,1,2.9252419446556193,-0.24079851054142454,1
ENSGACG00000015957,RPL7A,44.64075737069813,0.10679256216502875,1,41.46147874097038,-0.10679256216502875,1
ENSGACG00000016089,rpl28,31.73971442342752,0.05870612607021286,1,30.478334728970204,-0.05870612607021286,1
ENSGACG00000016123,rpl37,20.98681645202816,0.10753888424417024,1,19.48197923660275,-0.10753888424417024,1
ENSGACG00000016554,edf1,1.6088769983622062,0.11277363813522256,1,1.4879429763650995,-0.11277363813522256,1
ENSGACG00000016830,oaz1b,1.5865596629498677,-0.16470554983029018,1,1.7785955444452963,0.16470554983029018,1
ENSGACG00000017070,anxa4,5.631678148869876,-0.1776958691160777,1,6.3706859287729545,0.1776958691160777,1
ENSGACG00000017341,ndufa8,1.0436397578278926,-0.06550343810796122,1,1.0921490436952856,0.06550343810796122,1
ENSGACG00000000474,rpl23,57.36853664122205,0.12748965952172053,1,52.52389163517424,-0.12748965952172053,1
ENSGACG00000004178,ENSGACG00000004178,1.8097330170732508,-0.20121658902510053,1,2.0808081578468647,0.20121658902510053,1
ENSGACG00000005605,atp5mc1,7.236903219619154,0.06281252899848333,1,6.929421452639242,-0.06281252899848333,1
ENSGACG00000005359,scpep1,2.525916598941925,0.194887452315456,1,2.2068676996846777,-0.194887452315456,1
ENSGACG00000005975,ENSGACG00000005975,7.269770568135507,0.1942450336457635,1,6.354722056662489,-0.1942450336457635,1
ENSGACG00000006018,rpsa,34.85359136805087,0.04797100391877862,1,33.71845028904604,-0.04797100391877862,1
ENSGACG00000006896,grb2b,1.1884995531407065,0.06424452263310987,1,1.1367377899348614,-0.06424452263310987,1
ENSGACG00000007176,ENSGACG00000007176,1.5873712024194073,0.25524174932377064,1,1.329955690306356,-0.25524174932377064,1
ENSGACG00000007796,atp5mf,1.8060810894603228,-0.1980121600287721,1,2.072000504268677,0.1980121600287721,1
ENSGACG00000007836,ENSGACG00000007836,49.44141910275949,0.06620529019566845,1,47.23049183468338,-0.06620529019566845,1
ENSGACG00000009280,ENSGACG00000009280,16.12528925975134,-0.049885642908670036,1,16.69490735745495,0.049885642908670036,1
ENSGACG00000011905,rps2,41.305330150890484,0.07830880559465392,1,39.12855149944789,-0.07830880559465392,1
ENSGACG00000013298,arhgdia,6.193263461791261,-0.020234463387649004,1,6.281508436293803,0.020234463387649004,1
ENSGACG00000013555,coro1a,2.4622107505830684,-0.2312239834248886,1,2.890561808691505,0.2312239834248886,1
ENSGACG00000013727,eif3g,1.5427365315947308,0.0895190892945733,1,1.4499599703091646,-0.0895190892945733,1
ENSGACG00000014154,si:dkey-159f12.2,39.15069285926292,0.12231650045701858,1,35.97320960506211,-0.12231650045701858,1
ENSGACG00000014208,fmnl1a,1.0980129022870442,0.2094465352245678,1,0.9495751513983709,-0.2094465352245678,1
ENSGACG00000014635,rpl27,37.27157321754403,0.08277849683483574,1,35.198136090181585,-0.08277849683483574,1
ENSGACG00000014559,rpl3,20.712110341589018,0.006410312740716684,1,20.623120853326707,-0.006410312740716684,1
ENSGACG00000014908,arl6ip1,1.6652789914952066,0.027589240867070708,1,1.6338197387538347,-0.027589240867070708,1
ENSGACG00000014885,eif1b,1.561401939394141,-0.17295320911627587,1,1.7604297589402842,0.17295320911627587,1
ENSGACG00000015164,ENSGACG00000015164,1.3260554932276645,-0.2853097763690261,1,1.616204431597459,0.2853097763690261,1
ENSGACG00000015423,ENSGACG00000015423,1.6506712810434943,-0.2237325955397933,1,1.927775176925852,0.2237325955397933,1
ENSGACG00000015499,rplp2l,16.05143916802324,-0.03508664153383023,1,16.44884353561433,0.03508664153383023,1
ENSGACG00000015525,spi1b,3.1999001283945416,-0.012470353388109645,1,3.228005036405824,0.012470353388109645,1
ENSGACG00000015752,rpl13,31.5372353257774,0.0979624544736879,1,29.470959350964975,-0.0979624544736879,1
ENSGACG00000016009,eif3m,1.1901226320797857,0.004695805109443452,1,1.1862808413121677,-0.004695805109443452,1
ENSGACG00000016060,ddx21,1.1146494614126052,0.24456979123339886,1,0.9407674978201831,-0.24456979123339886,1
ENSGACG00000016070,ENSGACG00000016070,6.311748224344039,-0.1402270696606429,1,6.956945370071079,0.1402270696606429,1
ENSGACG00000017042,rps17,16.62032833617048,0.08377688711337461,1,15.68477958770654,-0.08377688711337461,1
ENSGACG00000017200,taldo1,3.8097720397535317,-0.08329099598197032,1,4.03665773055319,0.08329099598197032,1
ENSGACG00000017423,hypk,2.0540063974046627,0.13719003155570675,1,1.8677730369244478,-0.13719003155570675,1
ENSGACG00000017491,rpl12,33.806705452344815,0.006000584175716028,1,33.67110915106328,-0.006000584175716028,1
ENSGACG00000009214,cpa1,1.591834669501875,0.16457901231382788,1,1.4202341394827809,-0.16457901231382788,1
ENSGACG00000007990,RPS17,7.558272849556825,0.27090281487625534,1,6.264994085834701,-0.27090281487625534,1
ENSGACG00000007744,gpia,1.5463884592076589,0.13064893552308277,1,1.4125274426018666,-0.13064893552308277,1
ENSGACG00000006703,rps13,22.661833917157843,0.06691843192031577,1,21.637652449864213,-0.06691843192031577,1
ENSGACG00000006523,RPL27A,25.229950568515825,0.07281291830388614,1,23.991497868634898,-0.07281291830388614,1
ENSGACG00000006058,rsl24d1,4.909813790714424,0.20845076765737725,1,4.249692851475608,-0.20845076765737725,1
ENSGACG00000004968,rpl4,5.968061258994029,0.0821041215979319,1,5.6385497250860945,-0.0821041215979319,1
augustus_masked-chrY-processed-gene-6.13,augustus_masked-chrY-processed-gene-6.13,5.322481610975299,0.1710018558795241,1,4.7280585364409315,-0.1710018558795241,1
maker-chrY-augustus-gene-11.16,maker-chrY-augustus-gene-11.16,6.106428738550527,0.019016729347087757,1,6.02718743922363,-0.019016729347087757,1
maker-chrY-augustus-gene-46.49,maker-chrY-augustus-gene-46.49,3.8734778881123884,-0.10258205128558107,1,4.159414402299183,0.10258205128558107,1
