Transcript ID,tau value
ENSGACT00000000022.1,-0.097580665
ENSGACT00000000097.1,0.099648595
ENSGACT00000000107.1,-0.118290771
ENSGACT00000000135.1,0.098457069
ENSGACT00000000198.1,0.119477997
ENSGACT00000000201.1,-0.107337788
ENSGACT00000000213.1,0.103352256
ENSGACT00000000252.1,-0.105008746
ENSGACT00000000282.1,-0.085228123
ENSGACT00000000289.1,-0.095320465
ENSGACT00000000302.1,0.102309813
ENSGACT00000000312.1,-0.096538452
ENSGACT00000000317.1,-0.106034206
ENSGACT00000000324.1,0.079569174
ENSGACT00000000336.1,-0.110050222
ENSGACT00000000342.1,-0.106129484
ENSGACT00000000343.1,-0.110357712
ENSGACT00000000375.1,-0.104433679
ENSGACT00000000387.1,0.109597888
ENSGACT00000000411.1,-0.100814253
ENSGACT00000000424.1,0.080790609
ENSGACT00000000444.1,-0.090760218
ENSGACT00000000445.1,0.106573456
ENSGACT00000000450.1,0.11317143
ENSGACT00000000465.1,0.078761042
ENSGACT00000000483.1,-0.114051912
ENSGACT00000000486.1,0.100024427
ENSGACT00000000497.1,0.096754214
ENSGACT00000000511.1,0.110810851
ENSGACT00000000530.1,-0.090583354
ENSGACT00000000542.1,-0.089127215
ENSGACT00000000552.1,-0.077776144
ENSGACT00000000554.1,0.196875871
ENSGACT00000000562.1,0.087696029
ENSGACT00000000565.1,0.091471409
ENSGACT00000000579.1,-0.091729903
ENSGACT00000000584.1,-0.097473406
ENSGACT00000000598.1,-0.09999472
ENSGACT00000000614.1,-0.103121649
ENSGACT00000000628.1,0.079222308
ENSGACT00000000634.1,0.119531732
ENSGACT00000000648.1,0.084947874
ENSGACT00000000668.1,0.094721801
ENSGACT00000000671.1,-0.13124265
ENSGACT00000000693.1,0.085782165
ENSGACT00000000701.1,-0.123974768
ENSGACT00000000706.1,0.079964306
ENSGACT00000000713.1,0.085270702
ENSGACT00000000717.1,0.101962226
ENSGACT00000000727.1,-0.103068949
ENSGACT00000000741.1,-0.108888189
ENSGACT00000000758.1,-0.084388478
ENSGACT00000000775.1,0.125993056
ENSGACT00000000776.1,-0.094247609
ENSGACT00000000835.1,0.089912307
ENSGACT00000000840.1,-0.148916729
ENSGACT00000000861.1,0.082312785
ENSGACT00000000869.1,-0.117735257
ENSGACT00000000930.1,0.09854514
ENSGACT00000000952.1,-0.085680021
ENSGACT00000000957.2,-0.093917872
ENSGACT00000000962.1,0.126132848
ENSGACT00000000986.1,0.079130054
ENSGACT00000000993.1,-0.088122444
ENSGACT00000001000.1,0.110346704
ENSGACT00000001008.1,-0.091768722
ENSGACT00000001064.1,-0.08293921
ENSGACT00000001065.1,-0.090014679
ENSGACT00000001079.1,-0.091983556
ENSGACT00000001080.1,-0.085067296
ENSGACT00000001099.1,-0.094216343
ENSGACT00000001108.1,0.087663462
ENSGACT00000001124.1,0.113350332
ENSGACT00000001126.1,0.119535946
ENSGACT00000001127.1,0.085815166
ENSGACT00000001133.1,-0.076617835
ENSGACT00000001161.1,-0.106449998
ENSGACT00000001162.1,0.161921586
ENSGACT00000001168.1,0.130684151
ENSGACT00000001187.1,-0.086074089
ENSGACT00000001204.1,-0.09269498
ENSGACT00000001226.1,-0.103577113
ENSGACT00000001242.1,-0.079451403
ENSGACT00000001247.1,-0.09656508
ENSGACT00000001251.1,-0.093408262
ENSGACT00000001291.1,0.087617335
ENSGACT00000001318.1,0.110317166
ENSGACT00000001360.1,0.081438295
ENSGACT00000001362.1,-0.096071066
ENSGACT00000001396.1,-0.093613784
ENSGACT00000001405.1,0.11133247
ENSGACT00000001406.1,-0.111426136
ENSGACT00000001425.1,0.084827658
ENSGACT00000001443.1,-0.096959328
ENSGACT00000001451.1,0.113198409
ENSGACT00000001454.1,0.092893772
ENSGACT00000001460.1,0.10181201
ENSGACT00000001487.1,0.090187254
ENSGACT00000001493.1,0.077561753
ENSGACT00000001519.1,0.094766947
ENSGACT00000001528.1,-0.130923784
ENSGACT00000001531.1,0.082866303
ENSGACT00000001536.1,-0.095366591
ENSGACT00000001559.1,-0.14265638
ENSGACT00000001578.1,0.085772274
ENSGACT00000001593.1,-0.141381524
ENSGACT00000001602.1,-0.094014285
ENSGACT00000001616.1,0.107871684
ENSGACT00000001623.1,0.161763254
ENSGACT00000001629.1,0.114810246
ENSGACT00000001640.1,0.096680975
ENSGACT00000001664.1,0.166019763
ENSGACT00000001667.1,-0.110357712
ENSGACT00000001680.1,0.105239783
ENSGACT00000001692.1,-0.11060209
ENSGACT00000001714.1,0.102108445
ENSGACT00000001721.1,-0.094060433
ENSGACT00000001747.1,-0.082174405
ENSGACT00000001766.1,-0.099115454
ENSGACT00000001779.1,-0.086231183
ENSGACT00000001793.1,-0.126506049
ENSGACT00000001822.1,0.083289015
ENSGACT00000001907.1,0.08815435
ENSGACT00000001960.1,0.085357135
ENSGACT00000001976.1,0.076952355
ENSGACT00000001977.1,-0.115444349
ENSGACT00000001994.1,-0.091977004
ENSGACT00000002023.1,0.108835537
ENSGACT00000002038.1,-0.105260612
ENSGACT00000002055.1,0.084366388
ENSGACT00000002064.1,-0.08307483
ENSGACT00000002068.1,-0.096098174
ENSGACT00000002073.1,-0.116229183
ENSGACT00000002097.1,-0.124656935
ENSGACT00000002120.1,-0.101692456
ENSGACT00000002129.1,0.12780821
ENSGACT00000002184.1,-0.102041825
ENSGACT00000002200.1,-0.080006458
ENSGACT00000002202.1,0.094349831
ENSGACT00000002236.1,0.107451741
ENSGACT00000002253.1,-0.096641416
ENSGACT00000002268.1,-0.139942995
ENSGACT00000002274.1,-0.093989933
ENSGACT00000002275.1,0.102326332
ENSGACT00000002295.1,0.127424527
ENSGACT00000002296.1,-0.093263802
ENSGACT00000002303.1,0.105479442
ENSGACT00000002320.1,0.085566642
ENSGACT00000002329.1,-0.116581598
ENSGACT00000002330.1,-0.126798988
ENSGACT00000002334.1,-0.12747642
ENSGACT00000002343.1,-0.11808799
ENSGACT00000002344.1,0.093352042
ENSGACT00000002345.1,0.115485827
ENSGACT00000002348.1,-0.102543413
ENSGACT00000002351.1,-0.082132988
ENSGACT00000002354.1,0.093648368
ENSGACT00000002379.1,-0.09547868
ENSGACT00000002386.1,0.078862389
ENSGACT00000002388.1,0.139970942
ENSGACT00000002408.1,-0.102809187
ENSGACT00000002427.1,-0.083789061
ENSGACT00000002430.1,0.175341625
ENSGACT00000002474.1,-0.086694805
ENSGACT00000002491.1,-0.105747953
ENSGACT00000002496.1,0.102360125
ENSGACT00000002527.1,0.08595678
ENSGACT00000002549.1,0.142535395
ENSGACT00000002553.1,-0.090661686
ENSGACT00000002562.1,-0.128164009
ENSGACT00000002563.1,0.10999318
ENSGACT00000002573.1,0.111297208
ENSGACT00000002576.1,-0.081233811
ENSGACT00000002582.1,-0.092779182
ENSGACT00000002602.1,-0.079662518
ENSGACT00000002641.1,-0.083373695
ENSGACT00000002642.1,0.117696308
ENSGACT00000002677.1,-0.108466525
ENSGACT00000002685.2,-0.098631449
ENSGACT00000002691.1,0.092645126
ENSGACT00000002735.1,-0.108370313
ENSGACT00000002753.2,-0.093465504
ENSGACT00000002754.1,-0.089420905
ENSGACT00000002762.1,-0.079037801
ENSGACT00000002773.1,-0.089673128
ENSGACT00000002779.1,0.08072235
ENSGACT00000002812.1,0.084434605
ENSGACT00000002820.1,0.085172629
ENSGACT00000002821.1,-0.103850644
ENSGACT00000002830.1,-0.118223137
ENSGACT00000002862.1,0.105191541
ENSGACT00000002871.1,-0.094230259
ENSGACT00000002884.1,0.089216314
ENSGACT00000002887.1,-0.107682374
ENSGACT00000002899.1,0.082145572
ENSGACT00000002907.1,-0.111295959
ENSGACT00000002911.1,0.113632696
ENSGACT00000002962.1,0.078858751
ENSGACT00000002976.1,0.113909455
ENSGACT00000002984.1,0.081943773
ENSGACT00000002991.1,-0.113528933
ENSGACT00000003018.1,-0.150226636
ENSGACT00000003037.1,-0.106012489
ENSGACT00000003052.1,-0.089468586
ENSGACT00000003084.1,-0.105357602
ENSGACT00000003121.1,-0.081608331
ENSGACT00000003127.1,-0.082147064
ENSGACT00000003193.1,0.084312626
ENSGACT00000003211.1,-0.109310792
ENSGACT00000003212.1,0.086325792
ENSGACT00000003233.1,-0.107421498
ENSGACT00000003248.1,0.092111659
ENSGACT00000003257.2,-0.089856549
ENSGACT00000003273.1,0.143749703
ENSGACT00000003281.1,0.087801841
ENSGACT00000003287.1,-0.086764995
ENSGACT00000003295.1,0.081897646
ENSGACT00000003296.1,-0.10576276
ENSGACT00000003310.1,-0.100829375
ENSGACT00000003319.1,-0.087315001
ENSGACT00000003348.1,-0.117074244
ENSGACT00000003375.1,-0.09491704
ENSGACT00000003408.1,-0.093099558
ENSGACT00000003421.1,-0.114693606
ENSGACT00000003464.1,-0.117014277
ENSGACT00000003470.1,-0.078023018
ENSGACT00000003471.1,-0.081109392
ENSGACT00000003481.1,-0.078032016
ENSGACT00000003487.1,-0.108328145
ENSGACT00000003533.1,-0.095412718
ENSGACT00000003556.1,-0.080448325
ENSGACT00000003580.1,-0.110133895
ENSGACT00000003617.1,-0.087520001
ENSGACT00000003620.1,0.104113324
ENSGACT00000003644.1,0.103999015
ENSGACT00000003649.1,0.088996713
ENSGACT00000003650.1,-0.109579044
ENSGACT00000003651.1,0.087295935
ENSGACT00000003668.1,-0.105308846
ENSGACT00000003679.1,0.141124105
ENSGACT00000003711.1,0.081805393
ENSGACT00000003740.1,-0.083521205
ENSGACT00000003754.1,-0.120782307
ENSGACT00000003755.1,0.100593708
ENSGACT00000003764.1,0.100446873
ENSGACT00000003787.1,-0.12862285
ENSGACT00000003798.1,0.106783437
ENSGACT00000003801.1,-0.081689059
ENSGACT00000003832.1,-0.103946125
ENSGACT00000003835.1,-0.111464749
ENSGACT00000003845.1,-0.102800074
ENSGACT00000003883.1,-0.082196035
ENSGACT00000003885.1,-0.078826608
ENSGACT00000003896.1,-0.080836736
ENSGACT00000003907.1,-0.102331697
ENSGACT00000003912.1,-0.122174412
ENSGACT00000003922.1,-0.099564573
ENSGACT00000003927.1,0.094762509
ENSGACT00000003936.1,-0.088170853
ENSGACT00000003949.1,0.093593008
ENSGACT00000003953.1,-0.121428078
ENSGACT00000003963.1,0.117663934
ENSGACT00000003976.1,-0.091594206
ENSGACT00000003985.1,0.107694334
ENSGACT00000003999.1,-0.079480295
ENSGACT00000004020.1,-0.114779645
ENSGACT00000004022.1,-0.084370977
ENSGACT00000004052.1,-0.097499119
ENSGACT00000004057.1,-0.083128447
ENSGACT00000004059.1,0.139648056
ENSGACT00000004061.1,0.097396159
ENSGACT00000004083.1,0.10019396
ENSGACT00000004112.1,0.107754566
ENSGACT00000004169.1,-0.115523883
ENSGACT00000004182.1,-0.096299193
ENSGACT00000004186.1,0.102746836
ENSGACT00000004187.1,-0.095774323
ENSGACT00000004212.1,0.086002907
ENSGACT00000004219.1,0.095231324
ENSGACT00000004223.1,-0.092229988
ENSGACT00000004246.1,0.076973724
ENSGACT00000004270.1,-0.08911501
ENSGACT00000004273.1,-0.096728439
ENSGACT00000004276.1,-0.09258415
ENSGACT00000004305.1,-0.090431053
ENSGACT00000004313.1,0.079313311
ENSGACT00000004324.1,-0.090288747
ENSGACT00000004343.1,-0.079569174
ENSGACT00000004352.1,-0.111298537
ENSGACT00000004393.1,0.084924761
ENSGACT00000004397.1,0.101724954
ENSGACT00000004407.1,0.108097513
ENSGACT00000004430.1,0.083065956
ENSGACT00000004449.1,0.099675417
ENSGACT00000004455.1,-0.083245892
ENSGACT00000004457.1,0.112097374
ENSGACT00000004458.1,0.124703062
ENSGACT00000004485.1,-0.083010804
ENSGACT00000004487.1,-0.098807503
ENSGACT00000004512.1,-0.084887542
ENSGACT00000004536.1,0.124062671
ENSGACT00000004537.1,0.079915398
ENSGACT00000004586.1,0.098977663
ENSGACT00000004609.1,-0.096097922
ENSGACT00000004612.1,0.105399156
ENSGACT00000004614.1,0.132176878
ENSGACT00000004636.1,0.10362324
ENSGACT00000004639.1,-0.124716099
ENSGACT00000004660.1,-0.088600151
ENSGACT00000004671.1,-0.091076149
ENSGACT00000004692.1,0.096707488
ENSGACT00000004743.1,0.104269011
ENSGACT00000004757.1,0.102727427
ENSGACT00000004767.1,-0.116215781
ENSGACT00000004769.1,0.101501419
ENSGACT00000004781.1,-0.08236114
ENSGACT00000004818.1,0.113031379
ENSGACT00000004819.1,0.086279666
ENSGACT00000004828.1,0.081851519
ENSGACT00000004838.1,-0.149632257
ENSGACT00000004848.1,0.084040111
ENSGACT00000004873.1,-0.085633895
ENSGACT00000004874.1,0.086857249
ENSGACT00000004875.1,0.079424971
ENSGACT00000004880.1,0.108973916
ENSGACT00000004885.1,0.09881053
ENSGACT00000004892.1,0.085023422
ENSGACT00000004925.1,-0.078434087
ENSGACT00000004935.1,0.100944902
ENSGACT00000004944.1,0.148781108
ENSGACT00000004955.1,-0.128507756
ENSGACT00000004960.1,0.095713644
ENSGACT00000004972.1,-0.092650268
ENSGACT00000004977.1,-0.093896885
ENSGACT00000004994.1,0.096251486
ENSGACT00000005001.1,0.095963601
ENSGACT00000005002.1,0.110627114
ENSGACT00000005021.1,-0.096255067
ENSGACT00000005023.1,-0.103946125
ENSGACT00000005027.1,0.084065593
ENSGACT00000005044.2,-0.152286724
ENSGACT00000005047.1,-0.104565178
ENSGACT00000005090.1,0.092497548
ENSGACT00000005096.1,-0.136418187
ENSGACT00000005101.1,0.080078418
ENSGACT00000005104.1,-0.084941997
ENSGACT00000005123.1,-0.114165973
ENSGACT00000005130.1,0.085132392
ENSGACT00000005204.1,0.121829368
ENSGACT00000005222.2,0.079821952
ENSGACT00000005232.1,0.085218756
ENSGACT00000005237.1,0.081518892
ENSGACT00000005242.1,0.119583017
ENSGACT00000005265.1,0.120690054
ENSGACT00000005286.1,0.091159438
ENSGACT00000005301.1,0.084597023
ENSGACT00000005310.1,0.086910088
ENSGACT00000005328.1,0.121889344
ENSGACT00000005381.1,0.07789362
ENSGACT00000005395.1,0.081004053
ENSGACT00000005408.1,-0.090394557
ENSGACT00000005429.1,-0.101409166
ENSGACT00000005440.1,-0.103491711
ENSGACT00000005443.1,0.087723521
ENSGACT00000005454.1,-0.099656358
ENSGACT00000005464.1,-0.141375255
ENSGACT00000005474.1,0.086971564
ENSGACT00000005497.1,0.098585295
ENSGACT00000005541.1,0.107939803
ENSGACT00000005542.1,-0.077532117
ENSGACT00000005561.1,-0.078688953
ENSGACT00000005564.1,0.103577113
ENSGACT00000005566.1,-0.107675406
ENSGACT00000005622.1,0.081491904
ENSGACT00000005670.1,-0.088269375
ENSGACT00000005677.1,0.088169141
ENSGACT00000005697.1,0.135265621
ENSGACT00000005723.1,-0.119542776
ENSGACT00000005741.1,-0.08877664
ENSGACT00000005766.1,0.086180568
ENSGACT00000005776.1,0.082292568
ENSGACT00000005805.1,0.09361446
ENSGACT00000005807.1,0.098971308
ENSGACT00000005809.1,0.111247007
ENSGACT00000005816.1,-0.153619557
ENSGACT00000005855.1,0.114715556
ENSGACT00000005869.1,-0.121843217
ENSGACT00000005895.1,-0.136926591
ENSGACT00000005926.1,0.098810511
ENSGACT00000005963.1,-0.120694436
ENSGACT00000005969.1,-0.095125065
ENSGACT00000005971.1,0.076915981
ENSGACT00000006024.1,-0.093106506
ENSGACT00000006026.1,-0.134417936
ENSGACT00000006057.2,-0.08520014
ENSGACT00000006058.2,-0.084332962
ENSGACT00000006063.1,-0.094941572
ENSGACT00000006109.1,-0.158006413
ENSGACT00000006200.1,-0.108940352
ENSGACT00000006202.1,-0.084389511
ENSGACT00000006207.1,0.084229949
ENSGACT00000006208.1,0.083696581
ENSGACT00000006210.1,0.078023018
ENSGACT00000006231.1,0.082919271
ENSGACT00000006251.1,-0.103186227
ENSGACT00000006278.2,0.077567119
ENSGACT00000006304.1,0.077100487
ENSGACT00000006308.1,0.078603382
ENSGACT00000006309.1,-0.094746929
ENSGACT00000006338.1,0.079074542
ENSGACT00000006350.1,-0.114787372
ENSGACT00000006352.1,0.083144214
ENSGACT00000006365.1,0.116572483
ENSGACT00000006383.1,-0.097211652
ENSGACT00000006396.1,-0.111764159
ENSGACT00000006399.1,0.085091087
ENSGACT00000006432.1,-0.087715657
ENSGACT00000006456.1,-0.085218756
ENSGACT00000006469.1,-0.108768597
ENSGACT00000006475.1,0.083491899
ENSGACT00000006494.1,0.112477269
ENSGACT00000006510.1,0.08857664
ENSGACT00000006515.1,-0.08397334
ENSGACT00000006516.1,0.089392068
ENSGACT00000006535.1,0.081805393
ENSGACT00000006551.1,0.118937246
ENSGACT00000006567.1,0.095564247
ENSGACT00000006599.1,-0.087202196
ENSGACT00000006605.1,-0.146188474
ENSGACT00000006624.1,0.127947533
ENSGACT00000006671.1,-0.091511689
ENSGACT00000006679.1,0.096451677
ENSGACT00000006684.2,0.139119205
ENSGACT00000006692.1,-0.113459716
ENSGACT00000006735.1,-0.084791213
ENSGACT00000006743.1,0.102792445
ENSGACT00000006763.1,-0.094560956
ENSGACT00000006770.1,0.092669547
ENSGACT00000006774.1,0.129829024
ENSGACT00000006780.1,-0.07945294
ENSGACT00000006781.1,0.09039118
ENSGACT00000006794.1,0.091999355
ENSGACT00000006812.1,0.092229988
ENSGACT00000006819.1,0.102858736
ENSGACT00000006826.1,-0.137941375
ENSGACT00000006840.1,-0.11161488
ENSGACT00000006847.1,0.07733647
ENSGACT00000006848.1,-0.102336428
ENSGACT00000006876.1,0.078932192
ENSGACT00000006916.1,-0.100901775
ENSGACT00000006919.1,-0.094849057
ENSGACT00000006929.1,-0.090601578
ENSGACT00000006939.1,-0.108404233
ENSGACT00000006964.1,-0.128832871
ENSGACT00000007020.1,-0.0952694
ENSGACT00000007027.1,-0.101916558
ENSGACT00000007030.1,0.104308104
ENSGACT00000007046.1,-0.088479971
ENSGACT00000007062.1,-0.104730276
ENSGACT00000007064.1,-0.111123461
ENSGACT00000007073.1,-0.104360992
ENSGACT00000007088.1,0.091215204
ENSGACT00000007098.1,-0.083359941
ENSGACT00000007123.1,-0.149982144
ENSGACT00000007125.1,-0.091499529
ENSGACT00000007147.1,0.100821147
ENSGACT00000007153.1,-0.086374605
ENSGACT00000007156.1,-0.126941508
ENSGACT00000007168.1,-0.121307585
ENSGACT00000007172.1,-0.112118905
ENSGACT00000007177.1,0.114147499
ENSGACT00000007184.1,-0.083373695
ENSGACT00000007188.1,-0.096628199
ENSGACT00000007190.1,-0.080055125
ENSGACT00000007207.1,0.127009388
ENSGACT00000007222.1,-0.10993701
ENSGACT00000007223.1,0.083957532
ENSGACT00000007228.1,0.136495852
ENSGACT00000007238.1,-0.102815291
ENSGACT00000007246.2,0.078421542
ENSGACT00000007258.1,0.081275875
ENSGACT00000007260.1,-0.084917024
ENSGACT00000007296.1,-0.078807169
ENSGACT00000007304.1,-0.098915079
ENSGACT00000007355.1,0.132296678
ENSGACT00000007379.1,0.106944349
ENSGACT00000007388.1,-0.098346237
ENSGACT00000007407.1,0.080597699
ENSGACT00000007412.1,-0.134507773
ENSGACT00000007420.1,-0.086684995
ENSGACT00000007429.1,0.132544571
ENSGACT00000007433.1,-0.098687367
ENSGACT00000007438.1,0.123890339
ENSGACT00000007465.1,-0.079050837
ENSGACT00000007476.1,0.107032052
ENSGACT00000007492.1,0.118641765
ENSGACT00000007498.1,-0.120907654
ENSGACT00000007517.1,0.108768166
ENSGACT00000007522.1,-0.098095746
ENSGACT00000007538.1,0.0902601
ENSGACT00000007548.1,0.132403018
ENSGACT00000007560.1,0.114175243
ENSGACT00000007570.1,-0.12056599
ENSGACT00000007575.1,-0.083927213
ENSGACT00000007585.1,0.135676644
ENSGACT00000007604.1,-0.100473802
ENSGACT00000007625.1,-0.082825907
ENSGACT00000007636.1,-0.080678084
ENSGACT00000007642.1,-0.093165225
ENSGACT00000007660.1,-0.086229302
ENSGACT00000007664.1,0.0790894
ENSGACT00000007671.1,0.10693505
ENSGACT00000007672.1,0.101044417
ENSGACT00000007675.1,-0.088305575
ENSGACT00000007689.1,0.086233539
ENSGACT00000007707.1,-0.079868079
ENSGACT00000007713.1,0.084019466
ENSGACT00000007715.2,0.126595127
ENSGACT00000007717.1,-0.104467689
ENSGACT00000007730.1,-0.07733112
ENSGACT00000007769.1,0.093369184
ENSGACT00000007776.1,0.085065508
ENSGACT00000007794.1,-0.090477904
ENSGACT00000007800.1,0.077077585
ENSGACT00000007801.1,0.081615549
ENSGACT00000007816.1,0.108846586
ENSGACT00000007818.2,0.095944279
ENSGACT00000007821.1,0.092920972
ENSGACT00000007823.1,-0.093512942
ENSGACT00000007832.1,-0.089240608
ENSGACT00000007849.1,-0.107694334
ENSGACT00000007869.1,-0.094152983
ENSGACT00000007885.1,-0.0822958
ENSGACT00000007898.1,-0.103194643
ENSGACT00000007920.1,-0.081147185
ENSGACT00000007921.1,-0.081482507
ENSGACT00000007938.1,0.097815796
ENSGACT00000007941.1,-0.14309549
ENSGACT00000007942.1,0.096854731
ENSGACT00000007950.1,-0.095926746
ENSGACT00000007966.1,-0.116259612
ENSGACT00000007970.1,-0.110438255
ENSGACT00000007971.1,0.091488273
ENSGACT00000007976.1,-0.08065223
ENSGACT00000008002.1,-0.089559659
ENSGACT00000008014.1,-0.135387167
ENSGACT00000008018.1,0.1194137
ENSGACT00000008034.1,0.07940325
ENSGACT00000008039.1,-0.104326067
ENSGACT00000008042.1,-0.128854449
ENSGACT00000008078.1,-0.093987082
ENSGACT00000008090.1,0.080098712
ENSGACT00000008103.1,-0.107273105
ENSGACT00000008119.1,-0.089739155
ENSGACT00000008127.1,-0.117428256
ENSGACT00000008133.1,0.086892666
ENSGACT00000008146.1,0.100533601
ENSGACT00000008150.1,0.104701879
ENSGACT00000008155.1,-0.092134588
ENSGACT00000008165.1,-0.079292507
ENSGACT00000008189.1,-0.088554807
ENSGACT00000008213.1,0.077816346
ENSGACT00000008219.1,-0.120551674
ENSGACT00000008224.1,-0.100578889
ENSGACT00000008252.1,-0.102839089
ENSGACT00000008270.1,-0.104274168
ENSGACT00000008276.1,0.093475404
ENSGACT00000008290.1,0.09790534
ENSGACT00000008300.1,-0.184614887
ENSGACT00000008337.1,0.108064912
ENSGACT00000008355.1,0.085172629
ENSGACT00000008366.1,0.094397934
ENSGACT00000008370.1,-0.120966189
ENSGACT00000008375.1,-0.1007498
ENSGACT00000008391.1,-0.118745177
ENSGACT00000008411.1,0.137018844
ENSGACT00000008418.1,-0.159123864
ENSGACT00000008462.1,-0.100713527
ENSGACT00000008463.1,0.093082266
ENSGACT00000008482.1,-0.087366661
ENSGACT00000008487.1,0.124821486
ENSGACT00000008504.1,0.077654006
ENSGACT00000008518.1,-0.106132402
ENSGACT00000008537.1,0.097264508
ENSGACT00000008548.1,-0.101908276
ENSGACT00000008550.1,-0.097412686
ENSGACT00000008555.1,-0.097727838
ENSGACT00000008598.1,0.084779183
ENSGACT00000008601.1,-0.099564105
ENSGACT00000008632.1,-0.13305228
ENSGACT00000008638.1,-0.081967781
ENSGACT00000008641.1,-0.09684264
ENSGACT00000008661.1,0.100671142
ENSGACT00000008679.1,-0.095393082
ENSGACT00000008682.1,-0.095966236
ENSGACT00000008693.1,0.096368674
ENSGACT00000008697.1,0.08835536
ENSGACT00000008711.2,0.117843172
ENSGACT00000008747.1,-0.100812501
ENSGACT00000008758.1,0.078676736
ENSGACT00000008765.1,0.081848277
ENSGACT00000008769.1,0.115850398
ENSGACT00000008775.1,-0.10931372
ENSGACT00000008776.1,-0.083505009
ENSGACT00000008779.1,0.086325792
ENSGACT00000008795.1,-0.102377823
ENSGACT00000008830.1,0.1122489
ENSGACT00000008842.1,-0.088683533
ENSGACT00000008863.1,-0.078653422
ENSGACT00000008866.1,0.094674694
ENSGACT00000008875.1,-0.095643351
ENSGACT00000008894.1,0.079222308
ENSGACT00000008900.1,-0.104038378
ENSGACT00000008903.1,0.088336303
ENSGACT00000008913.1,-0.10248538
ENSGACT00000008918.1,0.100280223
ENSGACT00000008921.1,-0.105452805
ENSGACT00000008938.1,-0.090213278
ENSGACT00000008942.1,-0.086200407
ENSGACT00000008967.1,-0.085764045
ENSGACT00000009028.1,-0.109871369
ENSGACT00000009039.1,-0.105262035
ENSGACT00000009042.1,-0.148504349
ENSGACT00000009046.1,0.110522978
ENSGACT00000009052.1,0.094773503
ENSGACT00000009086.1,-0.12079178
ENSGACT00000009141.1,-0.100898832
ENSGACT00000009161.1,0.107913006
ENSGACT00000009167.1,-0.112018267
ENSGACT00000009170.1,0.090892318
ENSGACT00000009197.1,-0.094805179
ENSGACT00000009199.1,-0.101685925
ENSGACT00000009206.1,-0.093198645
ENSGACT00000009231.1,0.094421038
ENSGACT00000009303.1,0.098982286
ENSGACT00000009312.1,-0.095983352
ENSGACT00000009342.1,-0.091101789
ENSGACT00000009354.1,-0.135856228
ENSGACT00000009360.1,-0.09499089
ENSGACT00000009377.1,-0.102714024
ENSGACT00000009401.1,-0.182176712
ENSGACT00000009402.1,0.106252451
ENSGACT00000009409.1,-0.087423416
ENSGACT00000009432.1,-0.086325792
ENSGACT00000009435.1,-0.110126776
ENSGACT00000009454.1,-0.095096943
ENSGACT00000009462.1,-0.111182591
ENSGACT00000009469.1,-0.092388478
ENSGACT00000009479.1,-0.142103969
ENSGACT00000009485.1,-0.077771371
ENSGACT00000009487.1,0.106656084
ENSGACT00000009505.1,-0.082626899
ENSGACT00000009547.1,-0.123259885
ENSGACT00000009596.1,0.084757491
ENSGACT00000009597.1,-0.105694151
ENSGACT00000009606.1,0.119319401
ENSGACT00000009616.1,0.086046807
ENSGACT00000009655.1,-0.091936582
ENSGACT00000009666.1,0.080975116
ENSGACT00000009676.1,0.101916558
ENSGACT00000009775.1,-0.104333774
ENSGACT00000009785.1,-0.115466779
ENSGACT00000009798.1,-0.095411394
ENSGACT00000009814.1,-0.135407229
ENSGACT00000009890.1,-0.114485273
ENSGACT00000009898.1,0.10816223
ENSGACT00000009917.2,0.134954935
ENSGACT00000009954.1,-0.104289169
ENSGACT00000009985.1,-0.092032538
ENSGACT00000010008.1,-0.082857656
ENSGACT00000010011.1,-0.083004683
ENSGACT00000010020.1,-0.109158423
ENSGACT00000010031.1,0.092128478
ENSGACT00000010059.1,0.093198645
ENSGACT00000010073.1,0.110687414
ENSGACT00000010077.1,-0.08263567
ENSGACT00000010098.1,-0.100955212
ENSGACT00000010101.1,-0.085366462
ENSGACT00000010148.1,-0.100914024
ENSGACT00000010159.1,-0.103208101
ENSGACT00000010169.1,-0.083336848
ENSGACT00000010175.1,-0.088401486
ENSGACT00000010202.1,0.088678245
ENSGACT00000010222.1,-0.088024636
ENSGACT00000010240.1,-0.096040319
ENSGACT00000010274.1,0.086145244
ENSGACT00000010279.1,0.155181378
ENSGACT00000010285.1,-0.082405038
ENSGACT00000010289.1,0.119505194
ENSGACT00000010296.1,0.095622473
ENSGACT00000010304.1,-0.109156594
ENSGACT00000010319.1,-0.077792385
ENSGACT00000010328.1,-0.088401486
ENSGACT00000010362.1,0.107359488
ENSGACT00000010389.1,0.082312785
ENSGACT00000010408.1,0.080957173
ENSGACT00000010418.1,-0.108093146
ENSGACT00000010497.1,-0.090846192
ENSGACT00000010564.1,0.077254473
ENSGACT00000010566.1,-0.077976891
ENSGACT00000010567.1,0.085495126
ENSGACT00000010568.1,0.08542372
ENSGACT00000010579.1,-0.102654582
ENSGACT00000010580.1,-0.093697238
ENSGACT00000010582.1,-0.088980521
ENSGACT00000010584.1,0.103271608
ENSGACT00000010591.1,-0.080170674
ENSGACT00000010609.1,0.110825165
ENSGACT00000010648.1,-0.114525023
ENSGACT00000010655.1,0.097205402
ENSGACT00000010663.1,0.077146614
ENSGACT00000010664.1,-0.081080881
ENSGACT00000010686.1,-0.136628344
ENSGACT00000010711.1,-0.093372532
ENSGACT00000010742.1,0.095553908
ENSGACT00000010768.1,0.091569367
ENSGACT00000010797.1,-0.098862209
ENSGACT00000010798.1,-0.110017311
ENSGACT00000010802.1,0.088770498
ENSGACT00000010807.1,-0.117415071
ENSGACT00000010820.1,0.086418046
ENSGACT00000010826.1,-0.107636247
ENSGACT00000010844.1,-0.090892318
ENSGACT00000010889.1,-0.078447067
ENSGACT00000010900.2,0.086915409
ENSGACT00000010916.1,-0.086601679
ENSGACT00000010950.1,-0.090730381
ENSGACT00000010956.1,-0.157482224
ENSGACT00000010983.1,-0.084107834
ENSGACT00000010991.1,-0.095287128
ENSGACT00000011014.2,-0.084121419
ENSGACT00000011020.1,-0.090038444
ENSGACT00000011033.1,0.082220532
ENSGACT00000011036.1,-0.123735397
ENSGACT00000011042.1,-0.112821572
ENSGACT00000011058.1,0.089949595
ENSGACT00000011062.1,-0.084501077
ENSGACT00000011069.1,-0.094121175
ENSGACT00000011079.1,-0.095913636
ENSGACT00000011090.1,0.076869855
ENSGACT00000011093.1,0.129561841
ENSGACT00000011105.1,0.088339057
ENSGACT00000011126.1,-0.131159258
ENSGACT00000011133.1,0.167167467
ENSGACT00000011135.1,0.105452917
ENSGACT00000011164.1,-0.078069144
ENSGACT00000011180.1,-0.116830306
ENSGACT00000011192.1,-0.112741197
ENSGACT00000011206.1,-0.09273738
ENSGACT00000011213.1,0.092506747
ENSGACT00000011247.1,-0.090712484
ENSGACT00000011252.1,0.086566407
ENSGACT00000011264.1,-0.076823728
ENSGACT00000011282.1,0.088694689
ENSGACT00000011284.1,0.079887575
ENSGACT00000011313.1,-0.090197786
ENSGACT00000011314.1,-0.124241486
ENSGACT00000011319.1,-0.076777602
ENSGACT00000011328.1,0.082405038
ENSGACT00000011346.1,0.124430537
ENSGACT00000011366.1,-0.131628328
ENSGACT00000011388.1,0.084685637
ENSGACT00000011438.1,-0.094075524
ENSGACT00000011445.1,-0.084592599
ENSGACT00000011458.1,-0.077838512
ENSGACT00000011471.1,-0.135035403
ENSGACT00000011476.1,-0.082313795
ENSGACT00000011477.1,0.097765171
ENSGACT00000011492.1,0.100535254
ENSGACT00000011523.1,0.079975099
ENSGACT00000011526.1,-0.100899532
ENSGACT00000011527.1,0.105794121
ENSGACT00000011538.1,-0.111193599
ENSGACT00000011543.1,-0.096627555
ENSGACT00000011570.1,-0.09745226
ENSGACT00000011578.1,0.095577467
ENSGACT00000011600.1,-0.07973657
ENSGACT00000011603.1,-0.087398127
ENSGACT00000011608.1,0.096585412
ENSGACT00000011647.1,0.091036996
ENSGACT00000011657.1,0.122918519
ENSGACT00000011659.1,-0.13976432
ENSGACT00000011689.1,-0.112479532
ENSGACT00000011699.1,0.083512074
ENSGACT00000011720.1,0.118087031
ENSGACT00000011725.1,0.079914205
ENSGACT00000011742.1,0.101312259
ENSGACT00000011743.1,-0.086315037
ENSGACT00000011752.1,-0.078115271
ENSGACT00000011780.1,-0.08445277
ENSGACT00000011787.1,-0.085579394
ENSGACT00000011788.1,0.079499067
ENSGACT00000011805.1,-0.077793553
ENSGACT00000011806.1,-0.091953229
ENSGACT00000011812.1,-0.096985077
ENSGACT00000011917.1,-0.106613796
ENSGACT00000011940.1,0.087015699
ENSGACT00000011945.1,-0.102383402
ENSGACT00000011964.1,0.09732404
ENSGACT00000011970.1,0.094870139
ENSGACT00000011975.1,-0.079200912
ENSGACT00000011976.1,0.105255099
ENSGACT00000011981.1,-0.082629384
ENSGACT00000012000.1,-0.137987501
ENSGACT00000012005.1,-0.084715293
ENSGACT00000012039.1,0.080802372
ENSGACT00000012051.1,-0.092581724
ENSGACT00000012073.1,-0.077607879
ENSGACT00000012089.1,-0.090752852
ENSGACT00000012096.1,-0.104578232
ENSGACT00000012150.1,-0.120743004
ENSGACT00000012158.1,-0.10889428
ENSGACT00000012180.1,-0.094627154
ENSGACT00000012185.1,0.092866476
ENSGACT00000012187.1,-0.100315299
ENSGACT00000012222.1,-0.092762627
ENSGACT00000012223.1,0.110294701
ENSGACT00000012256.1,0.09891048
ENSGACT00000012261.1,0.086694805
ENSGACT00000012264.1,-0.125164327
ENSGACT00000012265.1,0.083739151
ENSGACT00000012285.2,0.087709588
ENSGACT00000012287.1,-0.082820177
ENSGACT00000012288.1,-0.099064267
ENSGACT00000012299.1,-0.107639383
ENSGACT00000012302.1,-0.112038099
ENSGACT00000012306.1,-0.122897065
ENSGACT00000012325.1,-0.10694183
ENSGACT00000012338.1,-0.128337438
ENSGACT00000012345.1,0.097243099
ENSGACT00000012367.1,0.07945294
ENSGACT00000012380.1,0.076696674
ENSGACT00000012381.1,-0.10030213
ENSGACT00000012390.1,0.09864809
ENSGACT00000012403.1,-0.122048599
ENSGACT00000012410.1,0.106353015
ENSGACT00000012412.1,0.104958061
ENSGACT00000012434.1,0.086349986
ENSGACT00000012454.1,-0.079247484
ENSGACT00000012471.1,-0.081903312
ENSGACT00000012475.1,-0.115260869
ENSGACT00000012484.1,-0.094296001
ENSGACT00000012509.1,0.136302988
ENSGACT00000012510.1,0.103756502
ENSGACT00000012513.1,0.095873983
ENSGACT00000012517.1,0.096680638
ENSGACT00000012519.1,0.135431877
ENSGACT00000012524.1,0.114157972
ENSGACT00000012527.1,-0.082108056
ENSGACT00000012529.2,0.117579552
ENSGACT00000012564.1,0.078714916
ENSGACT00000012578.1,-0.105145415
ENSGACT00000012586.1,0.12073618
ENSGACT00000012589.1,-0.104926881
ENSGACT00000012592.1,-0.096623053
ENSGACT00000012595.1,0.106429336
ENSGACT00000012609.1,0.091076825
ENSGACT00000012612.1,0.078622663
ENSGACT00000012628.1,0.148575252
ENSGACT00000012632.1,0.082422659
ENSGACT00000012648.1,-0.077023103
ENSGACT00000012657.1,-0.090941344
ENSGACT00000012662.1,-0.147609151
ENSGACT00000012664.2,-0.083327568
ENSGACT00000012665.1,0.129454094
ENSGACT00000012669.1,-0.089642581
ENSGACT00000012678.1,-0.096729466
ENSGACT00000012699.1,0.098596931
ENSGACT00000012701.1,0.10627746
ENSGACT00000012704.1,0.100146535
ENSGACT00000012742.1,0.09975112
ENSGACT00000012756.1,0.094776626
ENSGACT00000012764.1,0.121383602
ENSGACT00000012776.1,0.094252436
ENSGACT00000012777.1,0.077654006
ENSGACT00000012785.1,0.092691253
ENSGACT00000012815.1,-0.097069145
ENSGACT00000012819.1,0.113263683
ENSGACT00000012836.1,-0.123972143
ENSGACT00000012843.1,-0.092384561
ENSGACT00000012844.1,-0.105573331
ENSGACT00000012862.1,0.109667949
ENSGACT00000012898.1,-0.103324608
ENSGACT00000012905.1,-0.088955004
ENSGACT00000012911.1,-0.127234447
ENSGACT00000012924.1,-0.087062136
ENSGACT00000012936.1,0.093152518
ENSGACT00000012943.1,-0.085580933
ENSGACT00000012948.1,-0.11221373
ENSGACT00000012972.1,-0.079200157
ENSGACT00000012981.1,-0.10619926
ENSGACT00000012986.1,-0.087840098
ENSGACT00000012987.1,-0.166605158
ENSGACT00000012988.1,-0.084803617
ENSGACT00000013004.1,-0.091052079
ENSGACT00000013038.1,-0.078438157
ENSGACT00000013051.1,0.081552637
ENSGACT00000013058.1,-0.150487789
ENSGACT00000013074.1,-0.125024705
ENSGACT00000013101.1,0.106924985
ENSGACT00000013128.1,-0.082427424
ENSGACT00000013134.1,-0.127240021
ENSGACT00000013139.1,-0.085204259
ENSGACT00000013153.1,-0.123427958
ENSGACT00000013154.2,-0.087340576
ENSGACT00000013160.1,-0.092648179
ENSGACT00000013183.1,-0.07929424
ENSGACT00000013190.1,-0.09095856
ENSGACT00000013223.1,-0.114186214
ENSGACT00000013224.1,-0.0973954
ENSGACT00000013226.1,0.151779332
ENSGACT00000013282.1,0.100827006
ENSGACT00000013289.1,0.085126503
ENSGACT00000013291.1,-0.107355384
ENSGACT00000013319.1,0.082878108
ENSGACT00000013342.1,-0.077561753
ENSGACT00000013393.1,-0.102566816
ENSGACT00000013395.1,0.078161397
ENSGACT00000013407.1,-0.089692231
ENSGACT00000013422.1,-0.103069721
ENSGACT00000013425.1,-0.087847968
ENSGACT00000013443.1,0.09579753
ENSGACT00000013448.1,0.083696581
ENSGACT00000013462.1,0.181876423
ENSGACT00000013465.1,-0.126732629
ENSGACT00000013476.1,-0.104015467
ENSGACT00000013496.1,-0.099092047
ENSGACT00000013533.1,-0.100497983
ENSGACT00000013534.1,0.09738375
ENSGACT00000013548.1,-0.11509975
ENSGACT00000013569.1,0.101095072
ENSGACT00000013588.1,-0.10084158
ENSGACT00000013606.1,-0.082997164
ENSGACT00000013612.1,0.07745553
ENSGACT00000013633.1,0.080975116
ENSGACT00000013658.1,0.088731921
ENSGACT00000013674.1,-0.094627882
ENSGACT00000013681.1,-0.091903032
ENSGACT00000013701.1,0.093793762
ENSGACT00000013717.1,-0.094332008
ENSGACT00000013753.1,0.083258582
ENSGACT00000013766.1,0.095991156
ENSGACT00000013813.1,-0.081914906
ENSGACT00000013825.1,-0.099139122
ENSGACT00000013840.1,0.114362887
ENSGACT00000013860.1,-0.128106887
ENSGACT00000013871.1,0.113118008
ENSGACT00000013882.1,-0.093050613
ENSGACT00000013898.1,-0.102053272
ENSGACT00000013923.1,-0.151708208
ENSGACT00000013925.1,0.079636629
ENSGACT00000013932.1,0.125162194
ENSGACT00000013948.1,-0.159713095
ENSGACT00000013964.1,0.102377823
ENSGACT00000013968.1,-0.098918334
ENSGACT00000013969.1,0.118689121
ENSGACT00000014010.1,-0.121395933
ENSGACT00000014035.1,-0.078253651
ENSGACT00000014037.1,0.078841474
ENSGACT00000014043.1,-0.099878215
ENSGACT00000014054.1,-0.086164485
ENSGACT00000014056.1,0.090175226
ENSGACT00000014057.1,0.088148136
ENSGACT00000014093.1,0.134995184
ENSGACT00000014110.1,0.083620432
ENSGACT00000014129.1,-0.085772274
ENSGACT00000014136.1,-0.113380549
ENSGACT00000014155.1,-0.116169654
ENSGACT00000014167.1,-0.08383496
ENSGACT00000014171.1,0.107458086
ENSGACT00000014185.1,-0.098283987
ENSGACT00000014200.1,0.088539866
ENSGACT00000014208.1,-0.103322316
ENSGACT00000014211.1,0.095208792
ENSGACT00000014235.1,0.098881656
ENSGACT00000014250.1,0.079314561
ENSGACT00000014255.1,-0.083788834
ENSGACT00000014262.1,0.084848179
ENSGACT00000014266.1,-0.089450726
ENSGACT00000014269.1,-0.112341153
ENSGACT00000014273.1,-0.104079699
ENSGACT00000014285.1,-0.121663558
ENSGACT00000014304.1,0.123276598
ENSGACT00000014324,0.078576536
ENSGACT00000014333.1,-0.097033748
ENSGACT00000014352.1,0.08397334
ENSGACT00000014354.1,-0.090661686
ENSGACT00000014377.1,-0.086510299
ENSGACT00000014417.3,-0.103036608
ENSGACT00000014420.1,-0.096313296
ENSGACT00000014439.1,0.123069222
ENSGACT00000014486.1,-0.137950381
ENSGACT00000014501.1,0.112563928
ENSGACT00000014510.1,-0.082823971
ENSGACT00000014552.1,-0.095412718
ENSGACT00000014558.1,-0.097048705
ENSGACT00000014561.1,0.093689074
ENSGACT00000014584.1,0.07741762
ENSGACT00000014593.1,-0.106175737
ENSGACT00000014616.1,-0.096030094
ENSGACT00000014634.1,-0.084335029
ENSGACT00000014641.1,-0.08975398
ENSGACT00000014648.1,-0.121474205
ENSGACT00000014653.1,-0.10978763
ENSGACT00000014688.1,0.111010945
ENSGACT00000014689.1,0.086531311
ENSGACT00000014705.1,0.090656103
ENSGACT00000014708.1,-0.112909052
ENSGACT00000014719.1,0.108467083
ENSGACT00000014742.1,0.092305392
ENSGACT00000014746.1,-0.077770219
ENSGACT00000014752.1,0.082747178
ENSGACT00000014780.1,0.084988123
ENSGACT00000014781.1,0.101815943
ENSGACT00000014805.1,0.100279392
ENSGACT00000014821.1,-0.10965093
ENSGACT00000014840.1,-0.084809069
ENSGACT00000014846.2,-0.107944025
ENSGACT00000014860.1,0.122365001
ENSGACT00000014873.1,-0.098269563
ENSGACT00000014897.1,0.086276682
ENSGACT00000014918.1,-0.094773503
ENSGACT00000014923.1,0.097396159
ENSGACT00000014969.1,0.089691357
ENSGACT00000014971.1,0.093485262
ENSGACT00000014994.1,-0.09351166
ENSGACT00000015014.1,0.0919247
ENSGACT00000015037.2,-0.096058489
ENSGACT00000015038.1,0.089393595
ENSGACT00000015043.1,0.126707089
ENSGACT00000015045.1,-0.081021242
ENSGACT00000015046.1,0.086834295
ENSGACT00000015068.1,0.120313764
ENSGACT00000015083.1,0.088032474
ENSGACT00000015133.1,0.086833184
ENSGACT00000015135.1,-0.145354222
ENSGACT00000015146.1,0.080588411
ENSGACT00000015170.1,0.19510291
ENSGACT00000015187.1,-0.14749344
ENSGACT00000015196.1,-0.11191629
ENSGACT00000015236.1,-0.090461737
ENSGACT00000015268.1,-0.096834095
ENSGACT00000015286.1,-0.108954622
ENSGACT00000015290.1,-0.110414616
ENSGACT00000015294.1,0.118245348
ENSGACT00000015319.1,-0.104822025
ENSGACT00000015367.1,0.099441453
ENSGACT00000015386.1,-0.084871854
ENSGACT00000015412.1,-0.085954231
ENSGACT00000015446.1,-0.098172441
ENSGACT00000015447.1,-0.08489587
ENSGACT00000015466.1,0.109238842
ENSGACT00000015485.1,0.103392607
ENSGACT00000015508.1,-0.115645716
ENSGACT00000015530.1,0.106644998
ENSGACT00000015533.1,-0.084619111
ENSGACT00000015543.1,-0.128955322
ENSGACT00000015569.1,-0.081897646
ENSGACT00000015572.1,-0.122518389
ENSGACT00000015624.1,-0.123938042
ENSGACT00000015630.1,0.094482505
ENSGACT00000015663.1,-0.132203291
ENSGACT00000015686.1,0.077547163
ENSGACT00000015712.1,0.112314123
ENSGACT00000015714.1,-0.122006942
ENSGACT00000015733.1,-0.095558974
ENSGACT00000015748.1,0.080975116
ENSGACT00000015749.1,-0.098318689
ENSGACT00000015756.1,-0.100475615
ENSGACT00000015770.1,-0.112802418
ENSGACT00000015776.1,0.078347777
ENSGACT00000015797.1,-0.106982423
ENSGACT00000015798.1,0.103068949
ENSGACT00000015801.1,-0.083785789
ENSGACT00000015830.1,-0.112753913
ENSGACT00000015834.1,-0.083772455
ENSGACT00000015842.1,0.100209877
ENSGACT00000015861.1,-0.082156072
ENSGACT00000015879.1,-0.116101312
ENSGACT00000015899.1,-0.101503905
ENSGACT00000015903.1,-0.07902014
ENSGACT00000015908.1,0.126200328
ENSGACT00000015913.1,-0.114025982
ENSGACT00000015936.1,0.109225231
ENSGACT00000015938.1,-0.100776204
ENSGACT00000015946.1,-0.114964999
ENSGACT00000015969.1,-0.082128279
ENSGACT00000015974.1,-0.168541012
ENSGACT00000015978.1,-0.100656925
ENSGACT00000015979.1,-0.077125391
ENSGACT00000015981.1,0.087897178
ENSGACT00000015996.1,0.090856995
ENSGACT00000016026.1,-0.112272903
ENSGACT00000016034.1,0.097484054
ENSGACT00000016050.1,0.097357734
ENSGACT00000016115.1,0.091076825
ENSGACT00000016125.1,-0.104702969
ENSGACT00000016146.1,-0.081773538
ENSGACT00000016191.1,-0.085391152
ENSGACT00000016196.1,-0.08652437
ENSGACT00000016205.1,0.09793957
ENSGACT00000016226.1,-0.089237937
ENSGACT00000016250.1,-0.07960533
ENSGACT00000016313.1,-0.113586569
ENSGACT00000016323.1,0.088573347
ENSGACT00000016327.1,-0.116101312
ENSGACT00000016386.2,-0.101409166
ENSGACT00000016394.1,-0.094513828
ENSGACT00000016408.1,-0.086002907
ENSGACT00000016427.1,0.084675001
ENSGACT00000016428.1,0.108311929
ENSGACT00000016457.1,-0.091100938
ENSGACT00000016468.1,0.094124432
ENSGACT00000016469.1,0.081687392
ENSGACT00000016516.1,-0.136388799
ENSGACT00000016518.1,0.090383751
ENSGACT00000016521.1,-0.099369843
ENSGACT00000016522.1,-0.104800674
ENSGACT00000016530.1,-0.115834598
ENSGACT00000016537.1,0.098868911
ENSGACT00000016540.1,-0.096155037
ENSGACT00000016548.1,-0.111964909
ENSGACT00000016569.1,0.111113355
ENSGACT00000016620.1,-0.10308102
ENSGACT00000016648.1,-0.089554649
ENSGACT00000016650.1,-0.090225181
ENSGACT00000016656.1,0.093024572
ENSGACT00000016657.1,-0.079321645
ENSGACT00000016675.1,0.126732629
ENSGACT00000016709.1,-0.092662757
ENSGACT00000016716.1,-0.092753951
ENSGACT00000016733.1,0.099671638
ENSGACT00000016759.1,0.122726741
ENSGACT00000016767.1,0.129524019
ENSGACT00000016777.1,0.083637976
ENSGACT00000016779.1,-0.085474809
ENSGACT00000016811.1,0.109046789
ENSGACT00000016812.1,-0.079360687
ENSGACT00000016826.1,-0.085782165
ENSGACT00000016833.1,-0.12092717
ENSGACT00000016835.1,-0.077888954
ENSGACT00000016849.1,-0.094806982
ENSGACT00000016854.1,-0.127405031
ENSGACT00000016863.1,-0.093512942
ENSGACT00000016878.1,0.099526298
ENSGACT00000016896.1,0.080098712
ENSGACT00000016904.1,0.103715493
ENSGACT00000016916.1,-0.135439189
ENSGACT00000016917.1,-0.12021864
ENSGACT00000016927.1,0.102885215
ENSGACT00000016947.1,0.097043047
ENSGACT00000016954.1,-0.083807624
ENSGACT00000016961.1,0.099991476
ENSGACT00000016966.1,0.07993819
ENSGACT00000016975.1,0.123892003
ENSGACT00000016976.1,-0.098664969
ENSGACT00000016989.1,-0.101326308
ENSGACT00000017035.1,-0.112411639
ENSGACT00000017054.1,0.116014977
ENSGACT00000017072.1,0.10000346
ENSGACT00000017094.1,0.081780422
ENSGACT00000017097.1,-0.090731922
ENSGACT00000017112.1,-0.09158514
ENSGACT00000017133.1,-0.09294718
ENSGACT00000017134.1,-0.124762135
ENSGACT00000017145.1,-0.114924238
ENSGACT00000017152.1,0.081643312
ENSGACT00000017158.1,-0.108023778
ENSGACT00000017206.1,-0.118750889
ENSGACT00000017210.1,-0.101962685
ENSGACT00000017241.1,0.114674509
ENSGACT00000017282.1,-0.103596388
ENSGACT00000017287.1,-0.094114426
ENSGACT00000017317.1,-0.1001356
ENSGACT00000017327.1,0.092490485
ENSGACT00000017363.1,0.083757978
ENSGACT00000017375.1,-0.105204975
ENSGACT00000017377.1,-0.118740797
ENSGACT00000017385.1,0.080259145
ENSGACT00000017393.1,0.077838512
ENSGACT00000017414.1,0.098760307
ENSGACT00000017416.1,-0.104499644
ENSGACT00000017421.1,0.080882862
ENSGACT00000017426.1,-0.083512908
ENSGACT00000017430.1,-0.120136536
ENSGACT00000017439.1,-0.106436958
ENSGACT00000017442.1,0.111822606
ENSGACT00000017443.1,0.092332887
ENSGACT00000017453.1,0.088231767
ENSGACT00000017459.1,-0.090905308
ENSGACT00000017461.1,0.104023175
ENSGACT00000017464.1,0.089978459
ENSGACT00000017477.1,-0.119998156
ENSGACT00000017479.1,-0.104269011
ENSGACT00000017482.1,-0.092971105
ENSGACT00000017500.1,0.082334705
ENSGACT00000017504.1,-0.085836537
ENSGACT00000017505.1,-0.100106609
ENSGACT00000017507.2,-0.111518222
ENSGACT00000017520.1,-0.080661699
ENSGACT00000017525.1,0.097073273
ENSGACT00000017531.1,-0.109128116
ENSGACT00000017549.1,-0.125535908
ENSGACT00000017553.1,-0.106390831
ENSGACT00000017560.1,-0.110356326
ENSGACT00000017577.1,0.115735827
ENSGACT00000017597.1,-0.117245692
ENSGACT00000017640.1,0.080790609
ENSGACT00000017649.1,-0.104373913
ENSGACT00000017717.1,-0.084203972
ENSGACT00000017744.1,0.090965551
ENSGACT00000017752.1,-0.091320817
ENSGACT00000017753.1,0.091381149
ENSGACT00000017759.1,0.091577828
ENSGACT00000017761.1,-0.095409232
ENSGACT00000017770.1,0.102302768
ENSGACT00000017773.1,-0.172847533
ENSGACT00000017774.1,-0.102779492
ENSGACT00000017798.1,0.086993081
ENSGACT00000017803.1,-0.08821698
ENSGACT00000017806.1,-0.112007338
ENSGACT00000017809.1,-0.098488331
ENSGACT00000017815.1,0.129425375
ENSGACT00000017848.1,0.0879034
ENSGACT00000017878.1,-0.086925437
ENSGACT00000017895.1,-0.080237091
ENSGACT00000017910.2,-0.098139647
ENSGACT00000017926.1,0.089374676
ENSGACT00000017933.1,0.092534421
ENSGACT00000017934.1,0.094871679
ENSGACT00000017969.1,-0.138213461
ENSGACT00000017982.1,0.08579036
ENSGACT00000018001.1,0.104071227
ENSGACT00000018031.1,-0.099184375
ENSGACT00000018053.1,-0.078853295
ENSGACT00000018058.1,0.123164744
ENSGACT00000018069.1,0.093750181
ENSGACT00000018086.1,0.131299155
ENSGACT00000018126.1,-0.085816119
ENSGACT00000018130.1,0.108143639
ENSGACT00000018134.1,0.103454901
ENSGACT00000018145.2,-0.092045482
ENSGACT00000018150.1,-0.082060035
ENSGACT00000018151.1,-0.112909052
ENSGACT00000018195.1,-0.113521306
ENSGACT00000018196.1,0.080606103
ENSGACT00000018199.1,-0.078207524
ENSGACT00000018204.1,0.088648668
ENSGACT00000018243.1,-0.14278466
ENSGACT00000018248.1,-0.120367168
ENSGACT00000018258.1,-0.085235891
ENSGACT00000018264.1,0.085218756
ENSGACT00000018280.1,-0.0774695
ENSGACT00000018313.1,-0.080539928
ENSGACT00000018353.1,-0.099551822
ENSGACT00000018367.1,-0.07853041
ENSGACT00000018372.1,-0.096098174
ENSGACT00000018381.1,-0.154252437
ENSGACT00000018384.1,0.097350942
ENSGACT00000018400.1,0.080192188
ENSGACT00000018404.1,-0.143624873
ENSGACT00000018415.1,-0.089777747
ENSGACT00000018431.1,-0.09818031
ENSGACT00000018433.1,-0.080535027
ENSGACT00000018436.1,-0.089718624
ENSGACT00000018464.1,0.1114998
ENSGACT00000018471.1,-0.082165554
ENSGACT00000018477.1,0.107783324
ENSGACT00000018478.1,-0.104557424
ENSGACT00000018483.1,-0.112616157
ENSGACT00000018493.1,-0.134989277
ENSGACT00000018498.1,-0.105269238
ENSGACT00000018560.1,0.129553751
ENSGACT00000018564.1,-0.121920186
ENSGACT00000018566.1,0.117682804
ENSGACT00000018584.1,0.117719168
ENSGACT00000018615.1,0.121545873
ENSGACT00000018618.1,-0.107091152
ENSGACT00000018619.1,-0.115989113
ENSGACT00000018671.1,0.098595448
ENSGACT00000018675.1,0.100025371
ENSGACT00000018685.1,-0.125866339
ENSGACT00000018687.1,0.091999595
ENSGACT00000018733.1,-0.126625509
ENSGACT00000018748.1,0.083493696
ENSGACT00000018759.1,-0.112919036
ENSGACT00000018763.1,0.092046188
ENSGACT00000018776.1,-0.096861516
ENSGACT00000018789.1,0.088678245
ENSGACT00000018794.1,-0.096368202
ENSGACT00000018803.1,0.078842534
ENSGACT00000018848.1,0.13719278
ENSGACT00000018850.1,-0.117406858
ENSGACT00000018890.1,-0.091099594
ENSGACT00000018891.1,0.143015292
ENSGACT00000018908.1,-0.08016193
ENSGACT00000018914.1,-0.106475285
ENSGACT00000018915.1,-0.094376145
ENSGACT00000018933.1,0.097108578
ENSGACT00000018936.1,0.086349851
ENSGACT00000018956.1,0.086902242
ENSGACT00000018960.1,0.087412806
ENSGACT00000018977.1,0.107787233
ENSGACT00000018992.1,-0.09883114
ENSGACT00000019005.1,-0.079729699
ENSGACT00000019024.1,-0.144306835
ENSGACT00000019032.1,0.092623978
ENSGACT00000019043.1,0.117235242
ENSGACT00000019071.1,-0.091491963
ENSGACT00000019089.1,-0.085527714
ENSGACT00000019103.1,0.116257222
ENSGACT00000019111.2,-0.078925215
ENSGACT00000019177.1,-0.104562515
ENSGACT00000019184.1,-0.117020965
ENSGACT00000019193.1,0.082280776
ENSGACT00000019194.1,0.155764021
ENSGACT00000019211.1,0.126341095
ENSGACT00000019231.1,0.088262112
ENSGACT00000019243.1,-0.114702489
ENSGACT00000019273.1,-0.095980628
ENSGACT00000019275.1,-0.105668723
ENSGACT00000019287.1,-0.088493739
ENSGACT00000019309.1,0.093505596
ENSGACT00000019326.1,-0.092091608
ENSGACT00000019336.1,0.126933687
ENSGACT00000019368.1,0.08026108
ENSGACT00000019381.1,-0.116719775
ENSGACT00000019389.1,-0.091404774
ENSGACT00000019400.1,-0.097111461
ENSGACT00000019411.1,-0.151367311
ENSGACT00000019414.1,-0.154811257
ENSGACT00000019427.1,-0.093297352
ENSGACT00000019438.1,-0.112619646
ENSGACT00000019471.1,-0.079499067
ENSGACT00000019478.1,0.137687888
ENSGACT00000019491.1,-0.106432549
ENSGACT00000019512.1,-0.102101064
ENSGACT00000019518.1,0.114443868
ENSGACT00000019528.1,-0.121201252
ENSGACT00000019615.1,-0.113558016
ENSGACT00000019630.1,-0.09587726
ENSGACT00000019632.1,0.102881842
ENSGACT00000019648.1,-0.096486497
ENSGACT00000019654.1,-0.135142131
ENSGACT00000019673.1,-0.092853766
ENSGACT00000019697.1,-0.09547239
ENSGACT00000019715.1,-0.093982796
ENSGACT00000019723.1,-0.093613784
ENSGACT00000019728.1,-0.094006146
ENSGACT00000019738.1,-0.091234611
ENSGACT00000019742.2,0.08065223
ENSGACT00000019748.1,-0.083489974
ENSGACT00000019787.1,-0.107205755
ENSGACT00000019805.1,-0.129085082
ENSGACT00000019808.1,-0.100241893
ENSGACT00000019814.1,-0.077587908
ENSGACT00000019816.1,-0.096901904
ENSGACT00000019837.1,-0.101676739
ENSGACT00000019852.1,-0.104499644
ENSGACT00000019886.1,-0.091317987
ENSGACT00000019888.2,-0.093462343
ENSGACT00000019897.1,-0.097614525
ENSGACT00000019906.1,0.127358244
ENSGACT00000019909.1,0.099085654
ENSGACT00000019917.1,0.116171759
ENSGACT00000019935.1,-0.100671142
ENSGACT00000019958.1,-0.091884798
ENSGACT00000019998.1,-0.122845371
ENSGACT00000020002.1,0.092023775
ENSGACT00000020006.1,0.109220084
ENSGACT00000020010.1,0.089354151
ENSGACT00000020020.1,-0.094957769
ENSGACT00000020029.1,-0.091226303
ENSGACT00000020041.1,0.079037801
ENSGACT00000020044.1,0.12003674
ENSGACT00000020059.1,-0.132196997
ENSGACT00000020089.1,-0.087701694
ENSGACT00000020092.1,-0.099681514
ENSGACT00000020093.1,0.105191541
ENSGACT00000020101.1,-0.089894801
ENSGACT00000020110.1,0.091669262
ENSGACT00000020115.1,-0.094258422
ENSGACT00000020156.1,-0.077976891
ENSGACT00000020164.1,0.079868079
ENSGACT00000020168.1,-0.124540046
ENSGACT00000020180.1,-0.121105193
ENSGACT00000020219.1,0.101178534
ENSGACT00000020236.1,-0.110716448
ENSGACT00000020245.1,0.080698356
ENSGACT00000020271.1,0.106863904
ENSGACT00000020279.1,0.082481482
ENSGACT00000020301.1,-0.106606387
ENSGACT00000020307.1,-0.110017767
ENSGACT00000020308.1,0.116027689
ENSGACT00000020313.1,0.132129432
ENSGACT00000020320.1,-0.086418046
ENSGACT00000020326.1,-0.088632832
ENSGACT00000020346.1,-0.081854283
ENSGACT00000020368.1,0.1111216
ENSGACT00000020370.1,-0.078576536
ENSGACT00000020376.1,-0.09818031
ENSGACT00000020397.1,0.101868867
ENSGACT00000020400.1,0.140854522
ENSGACT00000020401.1,0.105400766
ENSGACT00000020451.1,-0.111308758
ENSGACT00000020465.1,-0.126325671
ENSGACT00000020475.1,0.092645126
ENSGACT00000020481.1,-0.112970557
ENSGACT00000020491.1,-0.082987983
ENSGACT00000020523.1,-0.107221109
ENSGACT00000020555.1,-0.089780078
ENSGACT00000020556.1,-0.076664937
ENSGACT00000020567.1,-0.106653752
ENSGACT00000020570.1,0.106344705
ENSGACT00000020571.1,0.12087456
ENSGACT00000020572.1,0.078345904
ENSGACT00000020573.1,0.100951003
ENSGACT00000020574.1,-0.143661064
ENSGACT00000020606.1,0.110811078
ENSGACT00000020620.1,0.105369485
ENSGACT00000020658.1,-0.101423165
ENSGACT00000020677.1,0.091200055
ENSGACT00000020732.1,0.135542795
ENSGACT00000020761.1,0.106160198
ENSGACT00000020766.1,-0.08477768
ENSGACT00000020769.1,-0.095551098
ENSGACT00000020774.1,0.134602913
ENSGACT00000020796.1,0.09896446
ENSGACT00000020826.1,0.076962108
ENSGACT00000020828.1,-0.084809484
ENSGACT00000020839.1,0.096929009
ENSGACT00000020857.1,-0.099148967
ENSGACT00000020884.1,-0.106080177
ENSGACT00000020897.1,0.123477679
ENSGACT00000020903.2,-0.08595522
ENSGACT00000020915.1,-0.107337662
ENSGACT00000020921.1,-0.076869855
ENSGACT00000020931.1,-0.124524124
ENSGACT00000020959.1,-0.122561979
ENSGACT00000020971.1,-0.107682374
ENSGACT00000020974.1,0.081298001
ENSGACT00000020988.1,0.081306994
ENSGACT00000020992.1,-0.078991675
ENSGACT00000020997.1,-0.144592634
ENSGACT00000021001.1,-0.121289699
ENSGACT00000021026.1,-0.120071397
ENSGACT00000021049.1,-0.093083125
ENSGACT00000021099.1,0.151963838
ENSGACT00000021118.1,-0.118222138
ENSGACT00000021122.1,-0.079083928
ENSGACT00000021146.1,-0.087063817
ENSGACT00000021206.1,-0.080631956
ENSGACT00000021211.1,0.115963422
ENSGACT00000021218.1,-0.091659608
ENSGACT00000021227.1,0.082925388
ENSGACT00000021241.1,-0.106602159
ENSGACT00000021266.1,0.084388478
ENSGACT00000021271.1,0.100903102
ENSGACT00000021298.1,-0.089447038
ENSGACT00000021323.1,-0.10140514
ENSGACT00000021326.1,0.098645742
ENSGACT00000021331.2,0.080491715
ENSGACT00000021344.1,0.080975116
ENSGACT00000021345.1,-0.111589794
ENSGACT00000021351.1,0.084597023
ENSGACT00000021379.1,0.110542218
ENSGACT00000021382.1,0.096473628
ENSGACT00000021407.1,-0.09530696
ENSGACT00000021427.1,0.123934475
ENSGACT00000021429.1,-0.091987271
ENSGACT00000021446.1,-0.094385196
ENSGACT00000021468.1,-0.100256003
ENSGACT00000021490.1,-0.093869986
ENSGACT00000021511.1,0.089945449
ENSGACT00000021512.1,-0.106343865
ENSGACT00000021520.1,-0.110278175
ENSGACT00000021531.1,-0.078480225
ENSGACT00000021543.1,0.082653249
ENSGACT00000021553.1,-0.12166979
ENSGACT00000021554.1,0.088538679
ENSGACT00000021556.1,0.084872809
ENSGACT00000021559.1,0.087248323
ENSGACT00000021601.1,-0.100921578
ENSGACT00000021602.1,-0.079089531
ENSGACT00000021614.1,-0.125960761
ENSGACT00000021639.1,-0.126156557
ENSGACT00000021644.1,-0.079353004
ENSGACT00000021681.1,-0.093433418
ENSGACT00000021695.1,-0.082849669
ENSGACT00000021701.1,-0.077100487
ENSGACT00000021758.1,-0.091836747
ENSGACT00000021760.1,-0.098595448
ENSGACT00000021762.1,-0.095846582
ENSGACT00000021776.1,0.129497786
ENSGACT00000021791.1,0.087940221
ENSGACT00000021793.1,0.082820177
ENSGACT00000021801.1,-0.111603128
ENSGACT00000021803.1,-0.101455293
ENSGACT00000021817.1,0.079319263
ENSGACT00000021845.1,-0.09804193
ENSGACT00000021860.1,0.110783354
ENSGACT00000021894.1,-0.076962108
ENSGACT00000021921.1,0.08970506
ENSGACT00000021923.1,-0.095682964
ENSGACT00000021932.1,0.097932354
ENSGACT00000021956.1,-0.167001086
ENSGACT00000021957.1,-0.085772274
ENSGACT00000021962.1,0.08991063
ENSGACT00000021968.1,0.076593096
ENSGACT00000021985.2,0.103943518
ENSGACT00000022011.1,-0.083379642
ENSGACT00000022038.1,0.109088657
ENSGACT00000022053.1,-0.086284391
ENSGACT00000022094.1,-0.090523306
ENSGACT00000022108.1,0.092115078
ENSGACT00000022130.1,0.080329344
ENSGACT00000022133.1,-0.093106392
ENSGACT00000022139.1,-0.105372232
ENSGACT00000022154.1,-0.136788211
ENSGACT00000022157.1,-0.080678084
ENSGACT00000022158.1,0.077515626
ENSGACT00000022211.1,-0.086352101
ENSGACT00000022219.1,-0.099047352
ENSGACT00000022226.1,0.097268251
ENSGACT00000022238.1,-0.124753886
ENSGACT00000022251.1,0.085577333
ENSGACT00000022253.1,-0.096532869
ENSGACT00000022267.1,-0.101824305
ENSGACT00000022317.1,0.10560668
ENSGACT00000022342.1,-0.09379829
ENSGACT00000022358.1,-0.122356916
ENSGACT00000022368.1,0.186420266
ENSGACT00000022377.1,-0.098729077
ENSGACT00000022414.1,0.080407175
ENSGACT00000022415.2,0.079637446
ENSGACT00000022418.1,0.106611515
ENSGACT00000022444.1,0.080663271
ENSGACT00000022454.1,0.101989276
ENSGACT00000022456.1,0.119135252
ENSGACT00000022459.1,-0.089809381
ENSGACT00000022463.1,-0.102347159
ENSGACT00000022464.1,-0.089190883
ENSGACT00000022502.1,0.078452053
ENSGACT00000022503.1,-0.119094389
ENSGACT00000022509.1,-0.107971009
ENSGACT00000022518.1,0.091252352
ENSGACT00000022527.1,-0.177659271
ENSGACT00000022542.1,0.094055239
ENSGACT00000022592.1,-0.090702388
ENSGACT00000022602.1,-0.107451741
ENSGACT00000022606.1,-0.117458387
ENSGACT00000022620.1,0.081805393
ENSGACT00000022661.1,-0.100399604
ENSGACT00000022680.1,0.131336836
ENSGACT00000022682.1,-0.099678276
ENSGACT00000022692.1,-0.116479866
ENSGACT00000022696.1,0.107834596
ENSGACT00000022697.1,0.102855901
ENSGACT00000022705.1,0.104699205
ENSGACT00000022709.1,-0.113486188
ENSGACT00000022710.1,0.10030213
ENSGACT00000022716.1,-0.094085319
ENSGACT00000022720.1,-0.117975557
ENSGACT00000022724.1,-0.174704215
ENSGACT00000022728.1,-0.089622133
ENSGACT00000022730.1,0.105186376
ENSGACT00000022745.1,-0.110233578
ENSGACT00000022755.1,0.087419049
ENSGACT00000022762.1,0.118786682
ENSGACT00000022763.1,0.114375647
ENSGACT00000022766.1,-0.090862856
ENSGACT00000022769.1,-0.118202634
ENSGACT00000022773.1,-0.094189986
ENSGACT00000022779.1,0.132891648
ENSGACT00000022784.1,-0.095458845
ENSGACT00000022788.1,-0.078807169
ENSGACT00000022803.1,0.125220513
ENSGACT00000022842.1,-0.113685191
ENSGACT00000022844.1,0.089094976
ENSGACT00000022851.1,0.103278303
ENSGACT00000022882.1,-0.10334648
ENSGACT00000022886.2,-0.084868225
ENSGACT00000022892.1,0.151550638
ENSGACT00000022918.1,0.089646902
ENSGACT00000022933.1,-0.077700132
ENSGACT00000022985.1,-0.124149543
ENSGACT00000022990.1,0.11379545
ENSGACT00000023013.1,-0.120912388
ENSGACT00000023023.1,-0.093429277
ENSGACT00000023029.1,0.109846257
ENSGACT00000023031.1,0.079083928
ENSGACT00000023038.2,0.093290898
ENSGACT00000023041.1,-0.077921179
ENSGACT00000023067.1,-0.090938445
ENSGACT00000023078.1,-0.1156586
ENSGACT00000023095.1,-0.119629144
ENSGACT00000023097.1,0.11716082
ENSGACT00000023099.1,-0.100510296
ENSGACT00000023104.1,-0.119051803
ENSGACT00000023138.1,0.114970365
ENSGACT00000023144.1,0.076915981
ENSGACT00000023166.1,0.077423373
ENSGACT00000023192.1,-0.119952766
ENSGACT00000023227.1,0.097396159
ENSGACT00000023231.1,-0.092669656
ENSGACT00000023233.1,-0.105906234
ENSGACT00000023235.1,0.138199297
ENSGACT00000023238.1,0.133246223
ENSGACT00000023270.1,-0.157130009
ENSGACT00000023273.1,0.11003841
ENSGACT00000023279.1,-0.104499644
ENSGACT00000023286.1,0.079431746
ENSGACT00000023287.1,-0.093693648
ENSGACT00000023295.1,0.092414494
ENSGACT00000023312.1,-0.125487213
ENSGACT00000023321.1,0.084052801
ENSGACT00000023346.1,0.078943719
ENSGACT00000023350.1,-0.11607303
ENSGACT00000023365.1,0.082330024
ENSGACT00000023370.1,-0.097844206
ENSGACT00000023374.1,0.106231905
ENSGACT00000023387.1,0.110938603
ENSGACT00000023397.1,-0.093837584
ENSGACT00000023399.1,-0.111926014
ENSGACT00000023404.1,0.076777602
ENSGACT00000023408.1,0.126320439
ENSGACT00000023418.1,0.113629157
ENSGACT00000023459.1,-0.104865845
ENSGACT00000023465.1,-0.089637625
ENSGACT00000023481.1,0.0766531
ENSGACT00000023510.1,0.077377247
ENSGACT00000023512.1,-0.114154334
ENSGACT00000023536.1,-0.088414537
ENSGACT00000023537.1,0.096479117
ENSGACT00000023545.1,-0.082421657
ENSGACT00000023580.1,-0.128015584
ENSGACT00000023582.1,0.091818749
ENSGACT00000023584.1,0.104550648
ENSGACT00000023599.1,0.093407564
ENSGACT00000023607.2,-0.092645126
ENSGACT00000023625.1,0.100511607
ENSGACT00000023705.1,0.078683879
ENSGACT00000023730.1,0.128505274
ENSGACT00000023732.1,0.109956869
ENSGACT00000023743.1,-0.088204088
ENSGACT00000023751.1,0.108599478
ENSGACT00000023755.1,-0.094093697
ENSGACT00000023782.1,0.103115848
ENSGACT00000023784.1,-0.133389332
ENSGACT00000023789.1,-0.101656712
ENSGACT00000023817.1,-0.105736751
ENSGACT00000023819.1,-0.10878941
ENSGACT00000023851.1,0.106575337
ENSGACT00000023873.1,0.117784083
ENSGACT00000023877.1,-0.09288954
ENSGACT00000023879.1,-0.120236928
ENSGACT00000023884.1,-0.093844416
ENSGACT00000023954.1,-0.086258144
ENSGACT00000023957.1,0.087314981
ENSGACT00000023982.1,-0.095195771
ENSGACT00000023997.2,0.092502586
ENSGACT00000024008.1,-0.100436
ENSGACT00000024050.1,-0.144410152
ENSGACT00000024068.1,0.125948478
ENSGACT00000024074.1,-0.087364087
ENSGACT00000024084.1,0.120998044
ENSGACT00000024116.1,-0.099517979
ENSGACT00000024123.1,0.117134463
ENSGACT00000024126.1,0.089010393
ENSGACT00000024148.1,-0.147443439
ENSGACT00000024150.2,0.114324593
ENSGACT00000024152.1,-0.085208089
ENSGACT00000024180.2,-0.100101222
ENSGACT00000024183.1,-0.083958032
ENSGACT00000024232.1,-0.109342929
ENSGACT00000024234.1,-0.082082152
ENSGACT00000024235.1,0.109112296
ENSGACT00000024277.1,0.10290599
ENSGACT00000024283.1,-0.084296225
ENSGACT00000024302.1,0.137064971
ENSGACT00000024339.1,-0.080214827
ENSGACT00000024348.1,-0.084919535
ENSGACT00000024366.1,-0.113344283
ENSGACT00000024422.1,-0.099013381
ENSGACT00000024448.1,-0.090239967
ENSGACT00000024453.1,-0.136134096
ENSGACT00000024463.1,-0.133964531
ENSGACT00000024490.1,0.146567035
ENSGACT00000024491.1,-0.077884094
ENSGACT00000024492.1,-0.111429154
ENSGACT00000024513.1,-0.093890543
ENSGACT00000024516.1,-0.102470076
ENSGACT00000024525.1,-0.085772274
ENSGACT00000024541.2,-0.105582826
ENSGACT00000024564.1,0.11120458
ENSGACT00000024584.1,0.111972141
ENSGACT00000024597.1,0.114324593
ENSGACT00000024655.1,0.104600327
ENSGACT00000024682.1,-0.08992082
ENSGACT00000024691.1,0.091030698
ENSGACT00000024692.1,0.082368124
ENSGACT00000024693.1,-0.109747161
ENSGACT00000024721.1,-0.099423827
ENSGACT00000024750.1,0.105878689
ENSGACT00000024771.1,0.094556143
ENSGACT00000024776.1,0.078464017
ENSGACT00000024790.1,-0.080975116
ENSGACT00000024794.1,-0.150856802
ENSGACT00000024809.1,0.09000992
ENSGACT00000024811.1,-0.099625634
ENSGACT00000024815.1,0.083755777
ENSGACT00000024846.1,-0.102771084
ENSGACT00000024848.1,0.088830929
ENSGACT00000024854.1,0.085218756
ENSGACT00000024892.2,0.100265225
ENSGACT00000024915.1,-0.15798634
ENSGACT00000024918.1,-0.105710211
ENSGACT00000024930.3,0.081528634
ENSGACT00000024973.1,0.150085979
ENSGACT00000024981.1,-0.093174771
ENSGACT00000024985.1,0.085600677
ENSGACT00000024996.1,0.105457379
ENSGACT00000025027.1,0.077746259
ENSGACT00000025029.2,-0.100574913
ENSGACT00000025037.1,-0.081256671
ENSGACT00000025042.1,-0.100229477
ENSGACT00000025043.1,0.094619399
ENSGACT00000025073.1,-0.084757491
ENSGACT00000025074.1,-0.084854688
ENSGACT00000025079.1,-0.094556143
ENSGACT00000025105.2,-0.08813489
ENSGACT00000025119.1,0.099007749
ENSGACT00000025162.1,-0.11681397
ENSGACT00000025179.1,-0.087678928
ENSGACT00000025188.1,0.100269181
ENSGACT00000025201.1,-0.087063817
ENSGACT00000025210.1,0.114378633
ENSGACT00000025218.1,-0.090292674
ENSGACT00000025244.1,0.105237668
ENSGACT00000025267.1,0.081832895
ENSGACT00000025278.1,0.087063817
ENSGACT00000025280.1,0.150441663
ENSGACT00000025293.1,-0.106198969
ENSGACT00000025304.1,0.092968012
ENSGACT00000025321.1,0.094028922
ENSGACT00000025330.1,-0.094038678
ENSGACT00000025338.2,0.087340576
ENSGACT00000025369.1,-0.10030484
ENSGACT00000025371.1,0.078253651
ENSGACT00000025413.1,-0.135686087
ENSGACT00000025421.1,0.085818401
ENSGACT00000025427.1,0.082174405
ENSGACT00000025432.1,-0.084914768
ENSGACT00000025444.1,0.087673571
ENSGACT00000025471.1,0.103451767
ENSGACT00000025477.1,0.100724237
ENSGACT00000025494.1,-0.094060433
ENSGACT00000025524.1,-0.087801841
ENSGACT00000025533.1,0.079749345
ENSGACT00000025544.1,0.100994028
ENSGACT00000025547.1,-0.117584916
ENSGACT00000025566.1,0.097492752
ENSGACT00000025589.1,-0.112372185
ENSGACT00000025590.1,-0.076962108
ENSGACT00000025600.1,-0.091307457
ENSGACT00000025605.1,0.08313229
ENSGACT00000025624.1,-0.103715493
ENSGACT00000025637.1,-0.120966813
ENSGACT00000025639.1,0.106728166
ENSGACT00000025643.1,0.078959532
ENSGACT00000025700.1,0.093014139
ENSGACT00000025740.1,0.134722067
ENSGACT00000025781.1,0.081341531
ENSGACT00000025790.1,-0.092276114
ENSGACT00000025795.1,-0.123310111
ENSGACT00000025797.1,0.093536023
ENSGACT00000025807.1,-0.103648845
ENSGACT00000025811.1,-0.103254227
ENSGACT00000025828.1,0.086372572
ENSGACT00000025831.1,0.091224914
ENSGACT00000025834.1,-0.087878283
ENSGACT00000025850.1,0.112710165
ENSGACT00000025863.1,0.11118799
ENSGACT00000025864.1,-0.114261018
ENSGACT00000025884.1,0.097404553
ENSGACT00000025905.1,-0.114266414
ENSGACT00000025911.1,0.100533578
ENSGACT00000025921.1,-0.115334586
ENSGACT00000025937.1,0.104591897
ENSGACT00000025966.1,-0.079868079
ENSGACT00000025998.1,0.111204492
ENSGACT00000026001.1,-0.088666337
ENSGACT00000026026.1,-0.116196965
ENSGACT00000026045.1,0.107273105
ENSGACT00000026066.1,0.080144838
ENSGACT00000026078.1,0.105169665
ENSGACT00000026086.2,0.081433037
ENSGACT00000026102.1,0.161485789
ENSGACT00000026110.1,0.084337257
ENSGACT00000026114.1,0.090865485
ENSGACT00000026144.1,-0.118891119
ENSGACT00000026154.1,-0.120050104
ENSGACT00000026156.1,-0.121235468
ENSGACT00000026168.1,0.081897646
ENSGACT00000026179.1,-0.090661686
ENSGACT00000026180.1,-0.083391052
ENSGACT00000026217.1,0.078491806
ENSGACT00000026226.2,-0.088269213
ENSGACT00000026240.1,0.119075626
ENSGACT00000026243.1,-0.09246062
ENSGACT00000026248.1,0.110049294
ENSGACT00000026252.1,-0.13263109
ENSGACT00000026259.1,0.133475729
ENSGACT00000026278.1,-0.087348947
ENSGACT00000026283.1,-0.101435369
ENSGACT00000026294.1,-0.094396074
ENSGACT00000026295.1,0.098176065
ENSGACT00000026301.1,-0.157683527
ENSGACT00000026311.1,-0.09076791
ENSGACT00000026317.1,-0.090143521
ENSGACT00000026332.1,0.084455373
ENSGACT00000026344.1,0.095608248
ENSGACT00000026348.1,-0.120689773
ENSGACT00000026360.1,-0.084048675
ENSGACT00000026370.1,-0.098115121
ENSGACT00000026391.1,-0.138679399
ENSGACT00000026393.1,0.114448544
ENSGACT00000026395.1,-0.123297108
ENSGACT00000026422.1,0.143728814
ENSGACT00000026427.1,0.092783506
ENSGACT00000026452.1,-0.089739155
ENSGACT00000026473.1,-0.101212025
ENSGACT00000026474.1,0.100862626
ENSGACT00000026483.1,-0.081071915
ENSGACT00000026496.1,0.083881087
ENSGACT00000026500.1,0.101870432
ENSGACT00000026512.1,-0.129280472
ENSGACT00000026515.1,-0.092196197
ENSGACT00000026516.1,0.097343943
ENSGACT00000026518.1,-0.123642152
ENSGACT00000026519.1,0.085685949
ENSGACT00000026524.1,-0.0973954
ENSGACT00000026529.1,-0.116723173
ENSGACT00000026541.1,0.087340576
ENSGACT00000026544.1,0.114852967
ENSGACT00000026577.1,0.086694805
ENSGACT00000026587.1,-0.087686809
ENSGACT00000026588.1,-0.130930143
ENSGACT00000026590.1,-0.09149925
ENSGACT00000026600.1,-0.121656669
ENSGACT00000026616.1,0.078345904
ENSGACT00000026619.1,-0.089785282
ENSGACT00000026627.1,-0.101378984
ENSGACT00000026653.1,-0.097297671
ENSGACT00000026655.1,0.081140896
ENSGACT00000026672.1,-0.076939932
ENSGACT00000026675.1,-0.113231309
ENSGACT00000026686.1,0.099129332
ENSGACT00000026692.1,-0.113491809
ENSGACT00000026694.1,-0.085910654
ENSGACT00000026726.1,-0.120896626
ENSGACT00000026763.1,-0.151080969
ENSGACT00000026778.1,-0.152747989
ENSGACT00000026824.3,0.10339976
ENSGACT00000026827.1,-0.106430646
ENSGACT00000026856.1,-0.094766947
ENSGACT00000026858.1,0.116031275
ENSGACT00000026861.1,0.081298001
ENSGACT00000026868.1,0.108199097
ENSGACT00000026885.1,0.124239391
ENSGACT00000026900.1,-0.079637446
ENSGACT00000026914.2,0.077677965
ENSGACT00000026915.1,-0.09582916
ENSGACT00000026940.1,0.090894225
ENSGACT00000026958.1,-0.096538452
ENSGACT00000026967.1,-0.076593096
ENSGACT00000026972.1,0.095609858
ENSGACT00000026992.1,-0.09472082
ENSGACT00000027016.1,-0.10792492
ENSGACT00000027033.1,-0.119476156
ENSGACT00000027040.1,0.108651031
ENSGACT00000027086.1,-0.132267812
ENSGACT00000027107.1,-0.085864527
ENSGACT00000027109.1,-0.088150839
ENSGACT00000027114.1,-0.085301722
ENSGACT00000027117.1,0.093383151
ENSGACT00000027132.1,-0.106575337
ENSGACT00000027133.1,0.129552745
ENSGACT00000027215.1,-0.088539866
ENSGACT00000027236.1,-0.133452312
ENSGACT00000027250.1,-0.129942917
ENSGACT00000027253.1,-0.085715607
ENSGACT00000027261.2,-0.084352006
ENSGACT00000027284.1,-0.09753842
ENSGACT00000027289.1,-0.134112873
ENSGACT00000027298.1,-0.1149025
ENSGACT00000027303.1,-0.083050809
ENSGACT00000027320.1,-0.086837333
ENSGACT00000027332.1,-0.095089832
ENSGACT00000027333.1,0.100855648
ENSGACT00000027338.1,0.121243572
ENSGACT00000027348.1,-0.129689204
ENSGACT00000027359.1,-0.093291562
ENSGACT00000027383.1,-0.090958446
ENSGACT00000027386.1,0.094075049
ENSGACT00000027428.2,0.101547546
ENSGACT00000027434.1,0.09469261
ENSGACT00000027435.1,0.076731475
ENSGACT00000027441.1,0.109112156
ENSGACT00000027451.1,0.090048504
ENSGACT00000027455.1,-0.094582954
ENSGACT00000027459.1,0.096313593
ENSGACT00000027461.2,-0.092967462
ENSGACT00000027483.1,-0.078550625
ENSGACT00000027490.1,0.092829633
ENSGACT00000027497.1,-0.094539966
ENSGACT00000027512.1,-0.091795387
ENSGACT00000027534.1,0.096538452
ENSGACT00000027571.1,0.121090479
ENSGACT00000027573.1,-0.11811514
ENSGACT00000027598.1,-0.100250522
ENSGACT00000027623.1,-0.095151184
ENSGACT00000027636.1,-0.105052269
ENSGACT00000027650.1,-0.093361164
ENSGACT00000027653.1,0.160098235
ENSGACT00000027668.1,0.11330981
ENSGACT00000027675.1,0.096058489
ENSGACT00000027698.1,0.088447613
ENSGACT00000027739.1,0.08927789